연령대,성별,속성,count,mean,std,min,25%,50%,75%,max
0,남성,1주일간 걷기 일수,1536.0,88.0,0.0,88.0,88.0,88.0,88.0,88.0
0,남성,1차 수축기 혈압,328.0,104.94,9.28,82.0,98.0,104.0,110.0,138.0
0,남성,1차 이완기 혈압,328.0,61.91,9.07,0.0,58.0,62.0,68.0,82.0
0,남성,2차 수축기 혈압,328.0,103.71,8.73,82.0,98.0,104.0,110.0,128.0
0,남성,2차 이완기 혈압,328.0,61.46,8.2,32.0,56.0,62.0,66.0,86.0
0,남성,3차 수축기 혈압,328.0,102.91,8.59,80.0,98.0,102.0,108.5,126.0
0,남성,3차 이완기 혈압,328.0,61.25,8.14,32.0,58.0,62.0,66.0,80.0
0,남성,60초 맥박수,46.0,104.8,14.0,47.0,104.0,106.0,111.0,124.0
0,남성,ALT(SGPT),0.0,,,,,,,
0,남성,AST(SGOT),0.0,,,,,,,
0,남성,n-3계 지방산 섭취량(g),1485.0,1.28,1.1,0.06,0.61,0.97,1.61,12.96
0,남성,n-6계 지방산 섭취량(g),1485.0,8.07,5.16,0.64,4.58,6.88,10.07,49.78
0,남성,걷기 지속 시간(분),1536.0,88.0,0.0,88.0,88.0,88.0,88.0,88.0
0,남성,걷기 지속 시간(시간),1536.0,88.0,0.0,88.0,88.0,88.0,88.0,88.0
0,남성,고혈압 진단시기,0.0,,,,,,,
0,남성,공복시간,0.0,,,,,,,
0,남성,공복혈당,0.0,,,,,,,
0,남성,나이아신 섭취량(mg),1485.0,9.31,5.46,0.91,5.89,8.05,11.36,64.64
0,남성,나트륨 섭취량(mg),1485.0,1973.01,1117.32,156.11,1195.3,1794.08,2489.37,12542.81
0,남성,다가불포화지방산 섭취량(g),1485.0,9.4,5.9,0.75,5.41,8.03,11.78,57.6
0,남성,단백질 섭취량(g),1485.0,55.99,24.92,10.59,39.72,51.81,67.37,236.16
0,남성,단일불포화지방산 섭취량(g),1485.0,14.43,8.79,1.63,8.64,12.61,18.03,87.86
0,남성,당 섭취량(g),1485.0,58.88,32.26,0.47,36.78,53.58,75.32,305.63
0,남성,당화혈색소,0.0,,,,,,,
0,남성,레티놀 섭취량(μg),1485.0,218.19,217.62,0.0,86.3,162.44,275.76,2944.71
0,남성,리보플라빈 섭취량(mg),1485.0,1.35,0.72,0.14,0.87,1.21,1.64,7.36
0,남성,마그네슘 섭취량(mg),1485.0,204.81,82.62,32.81,147.75,195.2,247.52,766.27
0,남성,만나이,1618.0,5.37,2.54,1.0,3.0,5.0,8.0,9.0
0,남성,모유수유 자녀수,0.0,,,,,,,
0,남성,모유수유기간(연),0.0,,,,,,,
0,남성,모유수유기간(월 환산),0.0,,,,,,,
0,남성,모유수유기간(월),0.0,,,,,,,
0,남성,물 섭취량(컵),1485.0,3.36,1.91,0.2,2.0,3.0,5.0,15.0
0,남성,베타카로틴 섭취량(μg),1485.0,1487.83,1688.08,0.0,533.97,1058.66,1827.44,28695.36
0,남성,비타민A(레티놀 활성 당량) 섭취량(μgRAE),1485.0,342.51,259.47,7.16,175.38,285.98,425.97,2968.56
0,남성,비타민C 섭취량(mg),1485.0,61.1,64.1,0.0,18.85,41.36,82.84,568.53
0,남성,비타민D 섭취량(μg),1485.0,2.33,2.87,0.0,0.6,1.39,3.02,38.44
0,남성,비타민E 섭취량(mg α-TE),1485.0,5.17,2.89,0.67,3.25,4.53,6.34,31.72
0,남성,수분 섭취량(g),1485.0,685.9,336.79,28.09,441.95,647.45,876.79,3047.29
0,남성,식이섬유 섭취량(g),1485.0,15.14,8.1,1.09,9.48,13.81,19.13,74.45
0,남성,신장,1521.0,115.67,17.9,72.5,102.2,117.4,130.4,161.2
0,남성,아연 섭취량(mg),1485.0,8.25,3.62,0.86,5.82,7.59,10.01,39.21
0,남성,엽산 섭취량(μgDFE),1485.0,210.14,108.21,17.09,133.16,192.21,262.26,822.47
0,남성,요나트륨,0.0,,,,,,,
0,남성,요비중,0.0,,,,,,,
0,남성,요산,0.0,,,,,,,
0,남성,요칼륨,0.0,,,,,,,
0,남성,월평균 가구총소득,1615.0,548.0,296.36,16.67,341.67,500.0,686.67,1500.0
0,남성,이상지질혈증 진단시기,0.0,,,,,,,
0,남성,이유보충식 시작시기(개월),415.0,6.07,1.62,3.0,5.0,6.0,6.0,14.0
0,남성,인 섭취량(mg),1485.0,867.72,339.99,163.09,630.99,822.1,1051.8,3011.31
0,남성,일반우유(생우유) 시작시기(개월),393.0,13.99,4.08,0.0,12.0,13.0,14.0,46.0
0,남성,중성지방,0.0,,,,,,,
0,남성,지방 섭취량(g),1485.0,44.67,23.73,6.25,28.36,39.87,56.48,246.59
0,남성,철 섭취량(mg),1485.0,6.91,4.18,0.58,4.38,6.19,8.38,73.18
0,남성,체중,1540.0,23.55,9.99,8.8,16.04,21.6,28.2,74.7
0,남성,체질량지수,1522.0,16.96,2.75,12.33,15.12,16.22,17.98,34.48
0,남성,총콜레스테롤,0.0,,,,,,,
0,남성,"최종 수축기 혈압(2,3차 평균)",310.0,103.56,8.69,81.0,97.0,103.0,109.0,126.0
0,남성,"최종 이완기 혈압(2,3차 평균)",328.0,61.36,7.91,32.0,57.0,62.0,66.0,81.0
0,남성,칼륨 섭취량(mg),1485.0,1846.32,791.39,169.12,1268.3,1714.66,2278.27,6068.12
0,남성,칼슘 섭취량(mg),1485.0,484.25,262.84,25.68,292.32,441.9,625.12,1817.9
0,남성,콜레스테롤 섭취량(mg),1485.0,223.25,159.32,1.31,105.89,186.22,292.47,1314.87
0,남성,탄수화물 섭취량(g),1485.0,234.87,82.72,41.59,177.58,224.88,277.59,742.25
0,남성,티아민 섭취량(mg),1485.0,0.95,0.54,0.09,0.58,0.83,1.17,4.48
0,남성,평소 하루 앉아서 보내는 시간(분),1536.0,88.0,0.0,88.0,88.0,88.0,88.0,88.0
0,남성,평소 하루 앉아서 보내는 시간(시간),1536.0,88.0,0.0,88.0,88.0,88.0,88.0,88.0
0,남성,포화지방산 섭취량(g),1485.0,16.36,9.12,1.28,10.12,14.41,20.76,85.39
0,남성,허리둘레,974.0,57.29,9.82,39.2,50.42,55.0,62.1,99.1
0,남성,헤마토크리트,0.0,,,,,,,
0,남성,헤모글로빈,0.0,,,,,,,
0,남성,혈중요소질소,0.0,,,,,,,
0,남성,혈중크레아티닌,0.0,,,,,,,
0,여성,1주일간 걷기 일수,1541.0,88.0,0.0,88.0,88.0,88.0,88.0,88.0
0,여성,1차 수축기 혈압,328.0,103.48,9.54,80.0,96.0,104.0,108.5,128.0
0,여성,1차 이완기 혈압,328.0,61.88,8.87,32.0,56.0,62.0,68.0,88.0
0,여성,2차 수축기 혈압,328.0,102.07,8.82,78.0,96.0,102.0,108.0,128.0
0,여성,2차 이완기 혈압,328.0,62.37,8.45,32.0,58.0,62.0,68.0,84.0
0,여성,3차 수축기 혈압,328.0,101.27,8.5,78.0,96.0,100.0,106.0,130.0
0,여성,3차 이완기 혈압,328.0,62.23,8.39,32.0,58.0,62.0,68.0,84.0
0,여성,60초 맥박수,48.0,106.71,7.34,80.0,104.0,106.0,109.25,126.0
0,여성,ALT(SGPT),0.0,,,,,,,
0,여성,AST(SGOT),0.0,,,,,,,
0,여성,n-3계 지방산 섭취량(g),1470.0,1.14,0.97,0.03,0.54,0.87,1.44,9.94
0,여성,n-6계 지방산 섭취량(g),1470.0,7.06,4.35,0.32,4.09,6.1,8.89,40.7
0,여성,걷기 지속 시간(분),1541.0,88.0,0.0,88.0,88.0,88.0,88.0,88.0
0,여성,걷기 지속 시간(시간),1541.0,88.0,0.0,88.0,88.0,88.0,88.0,88.0
0,여성,고혈압 진단시기,0.0,,,,,,,
0,여성,공복시간,0.0,,,,,,,
0,여성,공복혈당,0.0,,,,,,,
0,여성,나이아신 섭취량(mg),1470.0,8.3,4.44,0.7,5.26,7.37,10.24,37.6
0,여성,나트륨 섭취량(mg),1470.0,1785.02,953.38,37.81,1096.74,1629.51,2290.72,8649.93
0,여성,다가불포화지방산 섭취량(g),1470.0,8.25,4.97,0.37,4.89,7.1,10.51,44.74
0,여성,단백질 섭취량(g),1470.0,49.54,20.32,2.4,35.48,46.17,60.54,168.09
0,여성,단일불포화지방산 섭취량(g),1470.0,12.79,7.25,0.54,7.91,11.25,16.15,73.88
0,여성,당 섭취량(g),1470.0,54.46,28.87,1.35,35.36,49.13,68.2,241.11
0,여성,당화혈색소,0.0,,,,,,,
0,여성,레티놀 섭취량(μg),1470.0,218.28,241.53,0.0,79.48,157.55,274.95,4358.01
0,여성,리보플라빈 섭취량(mg),1470.0,1.24,0.65,0.06,0.8,1.11,1.5,4.75
0,여성,마그네슘 섭취량(mg),1470.0,187.78,76.74,16.31,133.13,173.96,232.93,552.08
0,여성,만나이,1610.0,5.39,2.56,1.0,3.0,6.0,8.0,9.0
0,여성,모유수유 자녀수,1541.0,88.0,0.0,88.0,88.0,88.0,88.0,88.0
0,여성,모유수유기간(연),1541.0,88.0,0.0,88.0,88.0,88.0,88.0,88.0
0,여성,모유수유기간(월 환산),1541.0,8888.0,0.0,8888.0,8888.0,8888.0,8888.0,8888.0
0,여성,모유수유기간(월),1541.0,88.0,0.0,88.0,88.0,88.0,88.0,88.0
0,여성,물 섭취량(컵),1470.0,3.02,1.69,0.3,2.0,3.0,4.0,11.0
0,여성,베타카로틴 섭취량(μg),1470.0,1380.75,1462.43,1.54,461.07,930.11,1753.48,13123.11
0,여성,비타민A(레티놀 활성 당량) 섭취량(μgRAE),1470.0,333.76,270.14,7.81,167.37,271.36,414.64,4415.89
0,여성,비타민C 섭취량(mg),1470.0,58.67,60.43,0.0,17.73,39.22,78.26,750.74
0,여성,비타민D 섭취량(μg),1470.0,2.2,2.82,0.0,0.56,1.27,2.81,33.06
0,여성,비타민E 섭취량(mg α-TE),1470.0,4.69,2.59,0.31,2.89,4.14,5.74,22.17
0,여성,수분 섭취량(g),1470.0,627.74,304.77,7.41,420.22,587.49,799.5,3035.26
0,여성,식이섬유 섭취량(g),1470.0,13.75,7.2,0.11,8.53,12.46,17.54,53.25
0,여성,신장,1520.0,114.82,18.42,72.7,101.07,117.1,129.7,156.6
0,여성,아연 섭취량(mg),1470.0,7.25,2.92,0.69,5.17,6.83,8.81,22.48
0,여성,엽산 섭취량(μgDFE),1470.0,197.25,106.58,23.26,120.84,177.77,250.88,854.09
0,여성,요나트륨,1.0,250.0,,250.0,250.0,250.0,250.0,250.0
0,여성,요비중,1.0,1.03,,1.03,1.03,1.03,1.03,1.03
0,여성,요산,0.0,,,,,,,
0,여성,요칼륨,1.0,63.0,,63.0,63.0,63.0,63.0,63.0
0,여성,월평균 가구총소득,1609.0,554.68,300.27,16.67,350.0,500.0,679.17,1500.0
0,여성,이상지질혈증 진단시기,0.0,,,,,,,
0,여성,이유보충식 시작시기(개월),429.0,6.15,1.82,3.0,5.0,6.0,6.0,24.0
0,여성,인 섭취량(mg),1470.0,779.71,295.25,43.9,571.64,739.6,964.34,2019.33
0,여성,일반우유(생우유) 시작시기(개월),407.0,14.3,4.18,0.0,12.0,13.0,14.0,36.0
0,여성,중성지방,0.0,,,,,,,
0,여성,지방 섭취량(g),1470.0,39.83,20.01,1.58,25.71,36.03,49.97,183.75
0,여성,철 섭취량(mg),1470.0,6.41,3.73,0.41,3.93,5.72,7.95,39.53
0,여성,체중,1534.0,22.66,9.15,8.59,15.7,21.19,27.8,70.2
0,여성,체질량지수,1522.0,16.61,2.51,12.13,15.02,16.01,17.53,34.0
0,여성,총콜레스테롤,0.0,,,,,,,
0,여성,"최종 수축기 혈압(2,3차 평균)",317.0,101.77,8.64,79.0,96.0,102.0,107.0,129.0
0,여성,"최종 이완기 혈압(2,3차 평균)",328.0,62.3,8.16,32.0,57.0,62.0,68.0,84.0
0,여성,칼륨 섭취량(mg),1470.0,1689.26,704.96,151.15,1175.68,1593.69,2097.7,4960.23
0,여성,칼슘 섭취량(mg),1470.0,448.92,238.97,15.68,279.33,419.2,591.16,1886.61
0,여성,콜레스테롤 섭취량(mg),1470.0,204.57,150.67,0.55,100.11,168.08,267.52,1493.68
0,여성,탄수화물 섭취량(g),1470.0,208.17,71.89,22.45,159.85,198.17,248.7,627.42
0,여성,티아민 섭취량(mg),1470.0,0.87,0.5,0.07,0.53,0.76,1.06,3.93
0,여성,평소 하루 앉아서 보내는 시간(분),1541.0,88.0,0.0,88.0,88.0,88.0,88.0,88.0
0,여성,평소 하루 앉아서 보내는 시간(시간),1541.0,88.0,0.0,88.0,88.0,88.0,88.0,88.0
0,여성,포화지방산 섭취량(g),1470.0,14.81,8.31,0.28,9.22,13.22,18.91,77.46
0,여성,허리둘레,991.0,55.48,8.28,40.3,49.5,53.8,59.55,97.0
0,여성,헤마토크리트,0.0,,,,,,,
0,여성,헤모글로빈,0.0,,,,,,,
0,여성,혈중요소질소,0.0,,,,,,,
0,여성,혈중크레아티닌,0.0,,,,,,,
10,남성,1주일간 걷기 일수,1687.0,82.19,21.11,1.0,88.0,88.0,88.0,88.0
10,남성,1차 수축기 혈압,1643.0,112.3,11.17,78.0,104.0,112.0,120.0,148.0
10,남성,1차 이완기 혈압,1643.0,66.42,10.37,0.0,60.0,66.0,74.0,104.0
10,남성,2차 수축기 혈압,1643.0,111.02,10.69,76.0,104.0,110.0,118.0,148.0
10,남성,2차 이완기 혈압,1643.0,66.54,9.88,0.0,60.0,66.0,74.0,102.0
10,남성,3차 수축기 혈압,1643.0,110.32,10.65,76.0,104.0,110.0,116.0,150.0
10,남성,3차 이완기 혈압,1643.0,66.65,9.58,0.0,60.0,66.0,74.0,98.0
10,남성,60초 맥박수,92.0,80.75,27.79,42.0,55.0,66.5,108.0,126.0
10,남성,ALT(SGPT),1552.0,22.05,23.03,5.0,12.0,15.0,23.0,378.0
10,남성,AST(SGOT),1553.0,23.62,15.31,8.0,18.0,21.0,25.0,312.0
10,남성,n-3계 지방산 섭취량(g),1511.0,1.78,1.48,0.01,0.85,1.41,2.25,20.76
10,남성,n-6계 지방산 섭취량(g),1511.0,12.99,8.87,0.49,7.32,11.0,16.11,100.93
10,남성,걷기 지속 시간(분),1687.0,83.53,17.3,0.0,88.0,88.0,88.0,88.0
10,남성,걷기 지속 시간(시간),1687.0,82.24,21.7,0.0,88.0,88.0,88.0,88.0
10,남성,고혈압 진단시기,3.0,16.67,3.21,13.0,15.5,18.0,18.5,19.0
10,남성,공복시간,1565.0,12.98,2.4,0.0,12.0,13.0,14.0,22.0
10,남성,공복혈당,1500.0,92.67,7.17,67.0,88.0,92.0,96.0,140.0
10,남성,나이아신 섭취량(mg),1511.0,14.36,8.75,0.27,8.76,12.56,17.5,89.84
10,남성,나트륨 섭취량(mg),1511.0,3352.39,1713.14,39.62,2143.49,3048.89,4200.1,16986.06
10,남성,다가불포화지방산 섭취량(g),1511.0,14.84,9.97,0.53,8.54,12.68,18.38,112.87
10,남성,단백질 섭취량(g),1511.0,85.32,44.35,3.22,57.4,77.37,101.97,437.63
10,남성,단일불포화지방산 섭취량(g),1511.0,22.17,15.34,0.53,12.87,18.54,27.25,161.85
10,남성,당 섭취량(g),1511.0,69.33,45.72,2.16,36.75,59.54,90.88,329.15
10,남성,당화혈색소,1548.0,5.37,0.27,4.0,5.2,5.4,5.5,7.4
10,남성,레티놀 섭취량(μg),1511.0,230.6,280.96,0.0,70.63,152.31,280.56,2346.44
10,남성,리보플라빈 섭취량(mg),1511.0,1.88,1.1,0.1,1.15,1.66,2.31,12.88
10,남성,마그네슘 섭취량(mg),1511.0,288.62,131.52,21.59,197.67,266.64,354.88,1011.35
10,남성,만나이,1780.0,14.06,2.86,10.0,12.0,14.0,17.0,19.0
10,남성,모유수유 자녀수,0.0,,,,,,,
10,남성,모유수유기간(연),0.0,,,,,,,
10,남성,모유수유기간(월 환산),0.0,,,,,,,
10,남성,모유수유기간(월),0.0,,,,,,,
10,남성,물 섭취량(컵),1511.0,5.23,3.01,0.0,3.0,5.0,6.5,30.0
10,남성,베타카로틴 섭취량(μg),1511.0,2174.31,2143.44,0.0,831.74,1588.34,2745.5,31776.03
10,남성,비타민A(레티놀 활성 당량) 섭취량(μgRAE),1511.0,412.06,346.51,2.17,193.45,317.09,522.74,2854.89
10,남성,비타민C 섭취량(mg),1511.0,63.65,95.54,0.34,20.64,38.89,77.45,2080.21
10,남성,비타민D 섭취량(μg),1511.0,2.89,4.52,0.0,0.64,1.62,3.49,62.98
10,남성,비타민E 섭취량(mg α-TE),1511.0,7.8,4.23,0.61,4.92,7.03,9.65,45.91
10,남성,수분 섭취량(g),1511.0,868.42,486.23,21.34,538.32,788.8,1084.16,3953.55
10,남성,식이섬유 섭취량(g),1511.0,21.49,11.36,1.11,13.44,19.31,26.95,84.04
10,남성,신장,1688.0,164.08,13.07,124.9,154.0,167.2,174.1,192.7
10,남성,아연 섭취량(mg),1511.0,11.59,6.15,0.22,7.8,10.62,14.01,72.02
10,남성,엽산 섭취량(μgDFE),1511.0,276.14,150.41,13.55,170.34,250.97,348.93,1698.27
10,남성,요나트륨,1648.0,127.12,54.48,10.0,85.0,125.0,164.0,305.0
10,남성,요비중,1662.0,1.03,0.01,1.0,1.02,1.03,1.03,1.05
10,남성,요산,1552.0,6.05,1.32,2.6,5.1,6.0,6.9,10.2
10,남성,요칼륨,1578.0,44.96,20.66,4.0,29.0,42.0,59.75,100.0
10,남성,월평균 가구총소득,1774.0,566.26,314.81,16.67,340.42,504.17,741.25,1500.0
10,남성,이상지질혈증 진단시기,0.0,,,,,,,
10,남성,이유보충식 시작시기(개월),0.0,,,,,,,
10,남성,인 섭취량(mg),1511.0,1180.48,525.99,36.81,831.1,1106.73,1446.57,5402.22
10,남성,일반우유(생우유) 시작시기(개월),0.0,,,,,,,
10,남성,중성지방,1542.0,89.74,55.14,13.0,54.0,75.5,110.0,777.0
10,남성,지방 섭취량(g),1511.0,65.95,40.55,1.62,39.71,57.6,81.36,408.18
10,남성,철 섭취량(mg),1511.0,10.28,6.56,0.24,6.12,8.82,12.56,56.42
10,남성,체중,1688.0,60.08,17.45,22.7,47.7,58.3,70.5,125.1
10,남성,체질량지수,1687.0,21.95,4.43,13.04,18.71,21.37,24.41,42.14
10,남성,총콜레스테롤,1552.0,162.85,27.86,75.0,144.0,161.0,180.0,302.0
10,남성,"최종 수축기 혈압(2,3차 평균)",1615.0,110.87,10.45,76.0,104.0,110.0,117.0,149.0
10,남성,"최종 이완기 혈압(2,3차 평균)",1643.0,66.6,9.47,0.0,61.0,67.0,73.0,100.0
10,남성,칼륨 섭취량(mg),1511.0,2530.78,1233.13,119.63,1697.93,2305.8,3120.76,9677.22
10,남성,칼슘 섭취량(mg),1511.0,551.47,328.67,17.84,317.72,489.76,726.66,3347.92
10,남성,콜레스테롤 섭취량(mg),1511.0,316.0,225.11,0.0,165.36,267.86,421.93,3412.34
10,남성,탄수화물 섭취량(g),1511.0,310.96,124.87,39.89,228.28,291.13,380.1,1077.88
10,남성,티아민 섭취량(mg),1511.0,1.44,0.91,0.07,0.86,1.22,1.75,10.21
10,남성,평소 하루 앉아서 보내는 시간(분),1686.0,23.86,37.93,0.0,0.0,0.0,88.0,88.0
10,남성,평소 하루 앉아서 보내는 시간(시간),1686.0,30.37,33.6,3.0,10.0,12.0,88.0,88.0
10,남성,포화지방산 섭취량(g),1511.0,22.55,14.99,0.49,12.58,19.33,28.54,147.37
10,남성,허리둘레,1665.0,74.86,12.11,50.1,66.0,73.2,82.1,120.4
10,남성,헤마토크리트,1550.0,44.34,3.33,29.1,41.8,44.4,46.7,55.4
10,남성,헤모글로빈,1550.0,14.72,1.16,8.0,13.9,14.8,15.6,18.4
10,남성,혈중요소질소,1553.0,13.09,3.08,6.0,11.0,13.0,15.0,27.0
10,남성,혈중크레아티닌,1553.0,0.73,0.17,0.35,0.58,0.73,0.86,1.4
10,여성,1주일간 걷기 일수,1472.0,79.89,24.65,1.0,88.0,88.0,88.0,88.0
10,여성,1차 수축기 혈압,1421.0,106.85,9.42,60.0,100.0,106.0,112.0,150.0
10,여성,1차 이완기 혈압,1422.0,66.61,8.8,28.0,62.0,66.0,72.0,100.0
10,여성,2차 수축기 혈압,1419.0,105.37,9.1,62.0,100.0,104.0,112.0,147.0
10,여성,2차 이완기 혈압,1422.0,66.53,8.61,30.0,62.0,66.0,72.0,101.0
10,여성,3차 수축기 혈압,1422.0,104.65,8.89,68.0,98.0,104.0,110.0,138.0
10,여성,3차 이완기 혈압,1422.0,66.42,8.25,34.0,62.0,66.0,72.0,94.0
10,여성,60초 맥박수,64.0,104.12,19.96,45.0,103.75,106.5,115.0,136.0
10,여성,ALT(SGPT),1365.0,13.55,14.98,5.0,8.0,10.0,14.0,276.0
10,여성,AST(SGOT),1371.0,18.99,7.52,8.0,15.0,18.0,21.0,96.0
10,여성,n-3계 지방산 섭취량(g),1354.0,1.37,1.11,0.0,0.64,1.1,1.74,9.4
10,여성,n-6계 지방산 섭취량(g),1354.0,9.91,6.67,0.04,5.22,8.3,12.71,54.19
10,여성,걷기 지속 시간(분),1471.0,81.69,20.65,0.0,88.0,88.0,88.0,88.0
10,여성,걷기 지속 시간(시간),1471.0,80.16,24.98,0.0,88.0,88.0,88.0,88.0
10,여성,고혈압 진단시기,0.0,,,,,,,
10,여성,공복시간,1388.0,13.07,2.59,0.0,12.0,13.0,14.0,31.0
10,여성,공복혈당,1337.0,91.15,10.43,45.0,86.0,91.0,95.0,295.0
10,여성,나이아신 섭취량(mg),1354.0,10.48,6.43,0.4,6.27,9.27,13.24,80.12
10,여성,나트륨 섭취량(mg),1354.0,2569.04,1371.69,0.0,1617.3,2306.43,3231.92,9684.11
10,여성,다가불포화지방산 섭취량(g),1354.0,11.34,7.55,0.04,6.06,9.48,14.61,61.18
10,여성,단백질 섭취량(g),1354.0,63.75,30.54,0.07,42.83,58.07,79.72,340.37
10,여성,단일불포화지방산 섭취량(g),1354.0,16.77,11.03,0.0,9.27,14.14,21.37,116.65
10,여성,당 섭취량(g),1354.0,63.79,42.16,0.04,34.39,54.99,82.58,401.09
10,여성,당화혈색소,1366.0,5.36,0.37,4.1,5.2,5.3,5.5,12.3
10,여성,레티놀 섭취량(μg),1354.0,182.41,198.76,0.0,62.54,126.75,227.03,1769.25
10,여성,리보플라빈 섭취량(mg),1354.0,1.46,0.81,0.06,0.88,1.31,1.88,6.36
10,여성,마그네슘 섭취량(mg),1354.0,222.8,100.88,10.8,153.83,208.9,272.48,926.03
10,여성,만나이,1594.0,14.29,2.95,10.0,12.0,14.0,17.0,19.0
10,여성,모유수유 자녀수,1387.0,88.0,0.0,88.0,88.0,88.0,88.0,88.0
10,여성,모유수유기간(연),1387.0,88.0,0.0,88.0,88.0,88.0,88.0,88.0
10,여성,모유수유기간(월 환산),1476.0,8954.99,264.55,8888.0,8888.0,8888.0,8888.0,9999.0
10,여성,모유수유기간(월),1387.0,88.0,0.0,88.0,88.0,88.0,88.0,88.0
10,여성,물 섭취량(컵),1354.0,3.97,2.46,0.0,2.5,3.5,5.0,20.0
10,여성,베타카로틴 섭취량(μg),1354.0,1731.14,1683.78,0.0,713.34,1250.37,2155.73,14939.03
10,여성,비타민A(레티놀 활성 당량) 섭취량(μgRAE),1354.0,327.3,246.82,0.0,169.03,264.36,416.61,1972.07
10,여성,비타민C 섭취량(mg),1354.0,58.74,84.01,0.0,16.81,35.21,71.69,1112.87
10,여성,비타민D 섭취량(μg),1354.0,2.25,3.62,0.0,0.51,1.27,2.75,50.87
10,여성,비타민E 섭취량(mg α-TE),1354.0,6.01,3.27,0.0,3.76,5.37,7.47,26.86
10,여성,수분 섭취량(g),1354.0,729.46,391.08,25.82,460.85,668.67,909.0,3080.89
10,여성,식이섬유 섭취량(g),1354.0,17.84,9.66,0.0,11.29,16.21,21.59,73.28
10,여성,신장,1476.0,157.67,8.31,113.9,153.4,159.0,163.52,179.8
10,여성,아연 섭취량(mg),1354.0,8.73,4.21,0.0,5.87,7.93,10.9,33.12
10,여성,엽산 섭취량(μgDFE),1354.0,223.34,120.63,3.6,137.61,198.36,281.79,1019.55
10,여성,요나트륨,1345.0,120.56,55.56,10.0,78.0,119.0,158.0,301.0
10,여성,요비중,1365.0,1.03,0.01,1.0,1.02,1.03,1.03,1.04
10,여성,요산,1370.0,4.66,0.97,1.0,4.0,4.6,5.28,12.7
10,여성,요칼륨,1303.0,43.96,21.53,3.0,27.0,40.0,58.5,100.0
10,여성,월평균 가구총소득,1591.0,563.26,312.82,16.67,333.33,508.33,741.67,1500.0
10,여성,이상지질혈증 진단시기,0.0,,,,,,,
10,여성,이유보충식 시작시기(개월),0.0,,,,,,,
10,여성,인 섭취량(mg),1354.0,906.93,391.33,7.2,637.06,838.55,1136.81,3267.79
10,여성,일반우유(생우유) 시작시기(개월),0.0,,,,,,,
10,여성,중성지방,1360.0,89.26,49.11,22.0,57.0,77.0,108.0,504.0
10,여성,지방 섭취량(g),1354.0,50.86,29.75,0.07,30.0,44.78,64.84,253.77
10,여성,철 섭취량(mg),1354.0,7.99,5.12,0.0,4.82,6.87,9.91,70.45
10,여성,체중,1473.0,51.32,12.19,23.8,43.5,50.9,57.8,118.3
10,여성,체질량지수,1473.0,20.47,3.84,13.15,17.84,19.92,22.42,44.15
10,여성,총콜레스테롤,1370.0,168.31,27.46,104.0,149.0,166.0,184.0,359.0
10,여성,"최종 수축기 혈압(2,3차 평균)",1377.0,105.2,8.87,65.0,100.0,105.0,111.0,139.0
10,여성,"최종 이완기 혈압(2,3차 평균)",1422.0,66.47,8.2,32.0,61.62,66.0,72.0,95.0
10,여성,칼륨 섭취량(mg),1354.0,1994.14,932.85,169.2,1342.2,1831.78,2452.47,6792.56
10,여성,칼슘 섭취량(mg),1354.0,442.29,273.57,3.6,247.8,392.27,564.12,2644.72
10,여성,콜레스테롤 섭취량(mg),1354.0,256.46,190.19,0.0,123.11,215.8,338.81,1764.96
10,여성,탄수화물 섭취량(g),1354.0,253.39,102.47,1.73,182.81,241.46,311.18,994.72
10,여성,티아민 섭취량(mg),1354.0,1.04,0.57,0.0,0.62,0.93,1.32,4.06
10,여성,평소 하루 앉아서 보내는 시간(분),1468.0,22.29,37.06,0.0,0.0,0.0,30.0,88.0
10,여성,평소 하루 앉아서 보내는 시간(시간),1468.0,29.26,32.65,1.0,10.0,12.0,16.0,88.0
10,여성,포화지방산 섭취량(g),1354.0,17.86,11.79,0.04,9.88,15.23,22.91,105.98
10,여성,허리둘레,1466.0,67.94,9.14,48.2,61.8,66.7,73.1,128.2
10,여성,헤마토크리트,1366.0,40.49,2.51,29.7,39.1,40.6,42.1,49.1
10,여성,헤모글로빈,1366.0,13.24,0.97,8.3,12.7,13.3,13.9,16.2
10,여성,혈중요소질소,1371.0,11.39,2.76,5.0,9.0,11.0,13.0,23.0
10,여성,혈중크레아티닌,1371.0,0.6,0.1,0.32,0.52,0.6,0.67,0.99
20,남성,1주일간 걷기 일수,1578.0,5.73,2.36,1.0,4.0,6.0,8.0,8.0
20,남성,1차 수축기 혈압,1604.0,118.16,11.88,84.0,110.0,117.0,126.0,168.0
20,남성,1차 이완기 혈압,1606.0,74.74,9.4,44.0,68.0,74.0,80.0,116.0
20,남성,2차 수축기 혈압,1604.0,116.91,11.39,84.0,109.0,116.0,124.0,166.0
20,남성,2차 이완기 혈압,1607.0,74.41,9.33,34.0,68.0,74.0,80.0,114.0
20,남성,3차 수축기 혈압,1601.0,116.1,11.17,87.0,109.0,115.0,123.0,172.0
20,남성,3차 이완기 혈압,1607.0,74.11,9.24,34.0,68.0,74.0,80.0,114.0
20,남성,60초 맥박수,100.0,59.96,16.96,42.0,52.0,56.0,57.0,120.0
20,남성,ALT(SGPT),1604.0,28.74,27.08,5.0,14.0,20.0,32.0,402.0
20,남성,AST(SGOT),1604.0,23.81,13.75,9.0,17.0,20.0,26.0,218.0
20,남성,n-3계 지방산 섭취량(g),1377.0,1.98,1.68,0.03,0.87,1.53,2.67,26.7
20,남성,n-6계 지방산 섭취량(g),1377.0,14.24,10.1,0.39,7.2,11.59,18.42,74.4
20,남성,걷기 지속 시간(분),1577.0,24.62,23.95,0.0,0.0,20.0,30.0,88.0
20,남성,걷기 지속 시간(시간),1577.0,7.77,24.17,0.0,0.0,0.0,1.0,88.0
20,남성,고혈압 진단시기,33.0,21.18,3.99,12.0,19.0,21.0,24.0,29.0
20,남성,공복시간,1603.0,13.41,3.39,1.0,12.0,13.0,15.0,65.0
20,남성,공복혈당,1573.0,91.69,11.88,63.0,86.0,91.0,95.0,339.0
20,남성,나이아신 섭취량(mg),1377.0,16.51,11.71,0.99,9.09,13.62,20.04,124.44
20,남성,나트륨 섭취량(mg),1377.0,3797.01,2055.6,93.72,2336.82,3427.21,4895.92,16316.31
20,남성,다가불포화지방산 섭취량(g),1377.0,16.27,11.35,0.42,8.44,13.36,21.11,83.85
20,남성,단백질 섭취량(g),1377.0,93.21,52.17,6.01,57.45,82.75,114.28,444.18
20,남성,단일불포화지방산 섭취량(g),1377.0,24.04,19.12,0.24,12.26,19.03,29.3,177.42
20,남성,당 섭취량(g),1377.0,65.77,45.83,0.58,31.9,55.56,89.33,351.87
20,남성,당화혈색소,1603.0,5.32,0.4,3.3,5.1,5.3,5.5,11.6
20,남성,레티놀 섭취량(μg),1377.0,233.11,552.72,0.0,57.51,131.77,251.33,13368.16
20,남성,리보플라빈 섭취량(mg),1377.0,2.02,1.22,0.04,1.19,1.73,2.55,11.65
20,남성,마그네슘 섭취량(mg),1377.0,302.84,145.91,25.12,201.69,277.92,375.0,950.79
20,남성,만나이,1713.0,24.69,2.62,20.0,23.0,25.0,27.0,29.0
20,남성,모유수유 자녀수,0.0,,,,,,,
20,남성,모유수유기간(연),0.0,,,,,,,
20,남성,모유수유기간(월 환산),0.0,,,,,,,
20,남성,모유수유기간(월),0.0,,,,,,,
20,남성,물 섭취량(컵),1377.0,6.38,3.99,0.0,4.0,5.0,8.9,50.0
20,남성,베타카로틴 섭취량(μg),1377.0,2367.03,2798.57,0.0,956.72,1726.06,3038.66,68720.93
20,남성,비타민A(레티놀 활성 당량) 섭취량(μgRAE),1377.0,430.7,617.26,0.92,184.57,316.42,517.32,14113.14
20,남성,비타민C 섭취량(mg),1377.0,67.49,148.53,0.0,20.47,37.39,71.5,3128.44
20,남성,비타민D 섭취량(μg),1377.0,3.1,5.73,0.0,0.56,1.61,3.84,144.0
20,남성,비타민E 섭취량(mg α-TE),1377.0,8.09,4.61,0.27,4.94,7.14,10.11,40.56
20,남성,수분 섭취량(g),1377.0,1092.0,675.6,5.07,616.17,984.67,1414.35,5666.09
20,남성,식이섬유 섭취량(g),1377.0,23.09,12.56,1.96,14.25,20.78,29.09,124.0
20,남성,신장,1621.0,175.3,5.96,130.7,171.5,175.4,179.1,193.1
20,남성,아연 섭취량(mg),1377.0,12.01,6.78,0.56,7.44,10.52,14.82,57.23
20,남성,엽산 섭취량(μgDFE),1377.0,287.84,161.35,11.94,181.48,253.79,361.16,1815.45
20,남성,요나트륨,1582.0,113.83,52.25,10.0,74.0,109.0,147.75,250.0
20,남성,요비중,1594.0,1.02,0.01,1.0,1.02,1.02,1.03,1.05
20,남성,요산,1605.0,6.42,1.25,2.8,5.6,6.3,7.2,12.3
20,남성,요칼륨,1512.0,46.35,21.89,3.0,29.0,44.0,62.0,100.0
20,남성,월평균 가구총소득,1705.0,539.68,369.11,16.67,250.0,488.33,750.0,1500.0
20,남성,이상지질혈증 진단시기,10.0,24.4,3.13,19.0,23.25,25.0,25.75,29.0
20,남성,이유보충식 시작시기(개월),0.0,,,,,,,
20,남성,인 섭취량(mg),1377.0,1222.79,589.05,101.93,816.34,1127.99,1504.41,4963.45
20,남성,일반우유(생우유) 시작시기(개월),0.0,,,,,,,
20,남성,중성지방,1590.0,118.08,95.37,24.0,68.0,95.0,140.0,1895.0
20,남성,지방 섭취량(g),1377.0,70.11,47.72,1.16,38.09,58.93,89.42,429.29
20,남성,철 섭취량(mg),1377.0,11.24,7.71,0.36,6.3,9.47,14.07,108.04
20,남성,체중,1623.0,76.11,15.29,40.6,66.0,73.8,83.25,159.1
20,남성,체질량지수,1620.0,24.72,4.49,15.12,21.78,24.03,26.99,51.9
20,남성,총콜레스테롤,1604.0,182.54,31.93,110.0,160.0,179.0,203.0,345.0
20,남성,"최종 수축기 혈압(2,3차 평균)",1596.0,116.57,11.01,88.0,109.0,115.5,123.0,169.0
20,남성,"최종 이완기 혈압(2,3차 평균)",1606.0,74.24,9.06,34.0,68.0,74.0,80.0,114.0
20,남성,칼륨 섭취량(mg),1377.0,2728.6,1336.46,125.76,1809.33,2515.25,3386.07,10026.95
20,남성,칼슘 섭취량(mg),1377.0,511.34,295.15,16.48,294.24,463.81,662.32,2099.85
20,남성,콜레스테롤 섭취량(mg),1377.0,343.43,263.51,0.0,162.33,283.97,461.88,2447.99
20,남성,탄수화물 섭취량(g),1377.0,300.77,127.36,10.63,209.64,284.49,369.64,957.18
20,남성,티아민 섭취량(mg),1377.0,1.52,1.01,0.08,0.84,1.26,1.9,7.21
20,남성,평소 하루 앉아서 보내는 시간(분),1576.0,1.53,6.66,0.0,0.0,0.0,0.0,55.0
20,남성,평소 하루 앉아서 보내는 시간(시간),1576.0,9.4,3.36,1.0,7.0,10.0,12.0,18.0
20,남성,포화지방산 섭취량(g),1377.0,23.06,17.22,0.3,11.48,18.87,29.01,158.61
20,남성,허리둘레,1606.0,84.93,11.61,57.6,77.2,83.1,90.7,147.5
20,남성,헤마토크리트,1605.0,46.64,2.66,34.0,44.8,46.6,48.4,56.5
20,남성,헤모글로빈,1605.0,15.6,0.95,8.6,15.0,15.6,16.2,19.2
20,남성,혈중요소질소,1605.0,13.73,3.4,6.0,11.0,13.0,16.0,31.0
20,남성,혈중크레아티닌,1605.0,0.93,0.12,0.56,0.85,0.92,1.0,1.61
20,여성,1주일간 걷기 일수,1650.0,5.54,2.3,1.0,4.0,6.0,8.0,8.0
20,여성,1차 수축기 혈압,1658.0,107.58,10.67,80.0,100.0,106.0,114.0,190.0
20,여성,1차 이완기 혈압,1675.0,69.59,8.86,36.0,64.0,69.0,74.0,130.0
20,여성,2차 수축기 혈압,1644.0,106.4,10.21,76.0,100.0,105.0,112.0,190.0
20,여성,2차 이완기 혈압,1676.0,69.5,8.68,42.0,64.0,69.0,74.0,132.0
20,여성,3차 수축기 혈압,1657.0,105.66,10.14,76.0,98.0,105.0,111.0,190.0
20,여성,3차 이완기 혈압,1676.0,69.11,8.55,40.0,64.0,68.0,74.0,130.0
20,여성,60초 맥박수,56.0,66.46,21.46,46.0,55.0,56.0,66.25,120.0
20,여성,ALT(SGPT),1661.0,14.99,15.04,5.0,9.0,11.0,15.0,229.0
20,여성,AST(SGOT),1664.0,18.83,13.04,8.0,15.0,17.0,20.0,351.0
20,여성,n-3계 지방산 섭취량(g),1520.0,1.51,1.35,0.02,0.67,1.18,1.94,16.1
20,여성,n-6계 지방산 섭취량(g),1520.0,10.54,7.49,0.17,5.49,8.79,13.41,58.9
20,여성,걷기 지속 시간(분),1649.0,23.32,22.71,0.0,0.0,20.0,30.0,88.0
20,여성,걷기 지속 시간(시간),1649.0,6.49,22.03,0.0,0.0,0.0,1.0,88.0
20,여성,고혈압 진단시기,7.0,24.43,3.46,19.0,22.0,26.0,27.0,28.0
20,여성,공복시간,1670.0,13.37,2.65,0.0,12.0,13.0,15.0,33.0
20,여성,공복혈당,1649.0,89.53,12.34,64.0,85.0,88.0,93.0,334.0
20,여성,나이아신 섭취량(mg),1520.0,11.61,7.97,0.04,6.46,9.61,14.52,83.07
20,여성,나트륨 섭취량(mg),1520.0,2675.73,1534.34,117.36,1590.88,2396.69,3378.33,16736.48
20,여성,다가불포화지방산 섭취량(g),1520.0,12.1,8.55,0.19,6.33,9.98,15.31,75.31
20,여성,단백질 섭취량(g),1520.0,64.52,35.43,1.25,41.29,57.24,79.01,363.75
20,여성,단일불포화지방산 섭취량(g),1520.0,17.07,12.25,0.22,8.89,14.15,21.19,104.98
20,여성,당 섭취량(g),1520.0,57.36,38.22,1.77,30.36,49.2,75.12,258.44
20,여성,당화혈색소,1665.0,5.27,0.45,4.2,5.1,5.2,5.4,13.0
20,여성,레티놀 섭취량(μg),1520.0,187.64,266.91,0.0,55.74,120.31,224.33,5134.66
20,여성,리보플라빈 섭취량(mg),1520.0,1.5,0.87,0.03,0.89,1.34,1.94,8.16
20,여성,마그네슘 섭취량(mg),1520.0,227.4,114.15,3.97,150.97,206.39,285.98,1227.1
20,여성,만나이,1803.0,24.51,2.8,20.0,22.0,25.0,27.0,29.0
20,여성,모유수유 자녀수,736.0,77.65,28.12,1.0,88.0,88.0,88.0,88.0
20,여성,모유수유기간(연),736.0,77.52,28.45,0.0,88.0,88.0,88.0,88.0
20,여성,모유수유기간(월 환산),1704.0,9060.56,2178.58,1.0,8888.0,9999.0,9999.0,9999.0
20,여성,모유수유기간(월),736.0,77.92,27.4,0.0,88.0,88.0,88.0,88.0
20,여성,물 섭취량(컵),1520.0,4.71,3.38,0.0,2.5,4.0,6.0,40.0
20,여성,베타카로틴 섭취량(μg),1520.0,1908.82,2038.52,0.0,714.12,1418.83,2437.55,35215.75
20,여성,비타민A(레티놀 활성 당량) 섭취량(μgRAE),1520.0,347.56,322.36,2.47,159.86,276.04,427.79,5248.16
20,여성,비타민C 섭취량(mg),1520.0,55.2,73.75,0.0,16.73,33.03,65.67,901.67
20,여성,비타민D 섭취량(μg),1520.0,2.49,5.55,0.0,0.38,1.13,2.75,89.83
20,여성,비타민E 섭취량(mg α-TE),1520.0,6.26,3.65,0.21,3.71,5.54,7.72,40.96
20,여성,수분 섭취량(g),1520.0,913.19,540.97,4.39,524.78,808.59,1177.57,4267.71
20,여성,식이섬유 섭취량(g),1520.0,17.49,9.98,0.4,10.45,15.54,22.44,74.94
20,여성,신장,1699.0,162.06,5.55,139.1,158.4,162.0,165.8,186.8
20,여성,아연 섭취량(mg),1520.0,8.43,4.86,0.18,5.27,7.52,10.5,55.7
20,여성,엽산 섭취량(μgDFE),1520.0,228.31,136.1,1.36,136.78,202.32,289.42,1494.88
20,여성,요나트륨,1554.0,107.34,53.1,10.0,69.0,103.0,142.0,273.0
20,여성,요비중,1582.0,1.02,0.01,1.0,1.02,1.02,1.03,1.05
20,여성,요산,1665.0,4.59,1.01,1.9,3.9,4.5,5.1,11.8
20,여성,요칼륨,1525.0,43.4,22.23,4.0,26.0,40.0,59.0,100.0
20,여성,월평균 가구총소득,1798.0,553.98,352.66,17.0,295.1,489.5,750.0,1500.0
20,여성,이상지질혈증 진단시기,12.0,23.33,3.08,17.0,22.0,23.0,25.25,28.0
20,여성,이유보충식 시작시기(개월),0.0,,,,,,,
20,여성,인 섭취량(mg),1520.0,901.64,430.57,13.68,601.66,836.74,1111.19,4784.79
20,여성,일반우유(생우유) 시작시기(개월),0.0,,,,,,,
20,여성,중성지방,1652.0,85.82,56.89,25.0,54.0,70.5,102.0,653.0
20,여성,지방 섭취량(g),1520.0,52.55,34.33,0.51,28.8,44.38,67.04,295.59
20,여성,철 섭취량(mg),1520.0,8.42,5.67,0.22,4.81,7.23,10.7,75.43
20,여성,체중,1698.0,58.12,12.03,33.7,50.5,56.1,62.8,164.8
20,여성,체질량지수,1696.0,22.11,4.25,14.14,19.31,21.25,23.66,62.64
20,여성,총콜레스테롤,1665.0,183.16,31.3,102.0,162.0,181.0,201.0,361.0
20,여성,"최종 수축기 혈압(2,3차 평균)",1623.0,106.15,9.99,76.0,100.0,105.0,111.5,190.0
20,여성,"최종 이완기 혈압(2,3차 평균)",1675.0,69.29,8.4,44.0,64.0,68.5,74.0,129.0
20,여성,칼륨 섭취량(mg),1520.0,2104.23,1032.12,24.51,1370.31,1914.24,2664.97,10068.17
20,여성,칼슘 섭취량(mg),1520.0,434.24,273.5,21.03,239.23,378.65,562.42,2030.13
20,여성,콜레스테롤 섭취량(mg),1520.0,260.99,199.0,0.0,117.29,212.54,351.67,1473.89
20,여성,탄수화물 섭취량(g),1520.0,225.84,100.78,24.47,158.91,211.54,275.68,1062.89
20,여성,티아민 섭취량(mg),1520.0,1.03,0.67,0.03,0.59,0.88,1.29,7.79
20,여성,평소 하루 앉아서 보내는 시간(분),1646.0,1.63,6.84,0.0,0.0,0.0,0.0,40.0
20,여성,평소 하루 앉아서 보내는 시간(시간),1646.0,10.06,3.31,1.0,8.0,10.0,12.0,19.0
20,여성,포화지방산 섭취량(g),1520.0,18.24,13.81,0.07,8.97,14.85,23.44,145.05
20,여성,허리둘레,1673.0,73.03,9.86,55.5,66.4,71.0,77.6,139.2
20,여성,헤마토크리트,1665.0,40.04,2.65,26.6,38.4,40.1,41.8,47.9
20,여성,헤모글로빈,1665.0,13.1,1.0,6.5,12.6,13.2,13.7,16.2
20,여성,혈중요소질소,1665.0,11.63,3.01,4.0,10.0,11.0,13.0,29.0
20,여성,혈중크레아티닌,1665.0,0.67,0.1,0.36,0.61,0.67,0.73,1.24
30,남성,1주일간 걷기 일수,1681.0,4.89,2.58,1.0,3.0,5.0,8.0,8.0
30,남성,1차 수축기 혈압,1732.0,119.07,12.73,84.0,110.0,118.0,126.0,180.0
30,남성,1차 이완기 혈압,1731.0,78.79,10.25,48.0,72.0,78.0,85.0,124.0
30,남성,2차 수축기 혈압,1731.0,117.48,12.22,82.0,110.0,116.0,124.0,180.0
30,남성,2차 이완기 혈압,1730.0,78.56,10.08,50.0,72.0,78.0,84.0,126.0
30,남성,3차 수축기 혈압,1727.0,117.16,12.19,88.0,109.0,116.0,124.0,178.0
30,남성,3차 이완기 혈압,1731.0,78.32,10.06,52.0,72.0,78.0,84.0,126.0
30,남성,60초 맥박수,112.0,56.11,8.42,46.0,52.0,55.0,56.0,105.0
30,남성,ALT(SGPT),1735.0,34.29,27.59,5.0,18.0,26.0,41.0,359.0
30,남성,AST(SGOT),1737.0,26.43,16.66,10.0,19.0,23.0,29.0,415.0
30,남성,n-3계 지방산 섭취량(g),1544.0,2.18,1.77,0.02,1.06,1.75,2.8,20.78
30,남성,n-6계 지방산 섭취량(g),1544.0,14.67,10.47,0.29,7.65,12.13,18.44,96.08
30,남성,걷기 지속 시간(분),1681.0,29.05,28.7,0.0,0.0,30.0,30.0,88.0
30,남성,걷기 지속 시간(시간),1681.0,14.12,31.69,0.0,0.0,0.0,1.0,88.0
30,남성,고혈압 진단시기,87.0,31.83,4.71,19.0,29.0,33.0,35.0,39.0
30,남성,공복시간,1738.0,12.9,2.79,0.0,12.0,13.0,14.0,23.0
30,남성,공복혈당,1677.0,97.9,17.71,73.0,90.0,95.0,101.0,300.0
30,남성,나이아신 섭취량(mg),1544.0,17.08,10.88,1.0,10.25,14.92,21.16,121.55
30,남성,나트륨 섭취량(mg),1544.0,4173.64,2268.31,8.08,2680.11,3778.95,5163.24,27333.83
30,남성,다가불포화지방산 섭취량(g),1544.0,16.9,11.84,0.31,8.84,14.15,21.16,106.1
30,남성,단백질 섭취량(g),1544.0,96.16,49.82,4.37,62.75,87.55,118.65,539.99
30,남성,단일불포화지방산 섭취량(g),1544.0,23.64,19.29,0.0,11.85,18.54,28.41,213.71
30,남성,당 섭취량(g),1544.0,66.83,45.8,0.53,35.54,57.46,85.43,527.6
30,남성,당화혈색소,1737.0,5.53,0.64,4.4,5.3,5.4,5.6,14.9
30,남성,레티놀 섭취량(μg),1544.0,193.95,264.0,0.0,54.98,126.29,239.08,3862.54
30,남성,리보플라빈 섭취량(mg),1544.0,2.07,1.19,0.14,1.29,1.82,2.57,14.29
30,남성,마그네슘 섭취량(mg),1544.0,340.45,148.63,22.99,240.35,314.97,416.51,1302.47
30,남성,만나이,1855.0,34.98,2.87,30.0,33.0,35.0,38.0,39.0
30,남성,모유수유 자녀수,0.0,,,,,,,
30,남성,모유수유기간(연),0.0,,,,,,,
30,남성,모유수유기간(월 환산),0.0,,,,,,,
30,남성,모유수유기간(월),0.0,,,,,,,
30,남성,물 섭취량(컵),1544.0,6.23,3.66,0.0,4.0,5.0,8.0,30.0
30,남성,베타카로틴 섭취량(μg),1544.0,2860.94,2447.42,0.0,1246.74,2243.27,3701.41,25953.73
30,남성,비타민A(레티놀 활성 당량) 섭취량(μgRAE),1544.0,432.9,342.35,0.0,222.53,345.92,556.01,4111.73
30,남성,비타민C 섭취량(mg),1544.0,69.91,128.91,0.0,24.72,43.39,75.93,2605.28
30,남성,비타민D 섭취량(μg),1544.0,3.65,5.87,0.0,0.7,1.94,4.48,108.82
30,남성,비타민E 섭취량(mg α-TE),1544.0,8.5,4.54,0.08,5.48,7.72,10.55,57.89
30,남성,수분 섭취량(g),1544.0,1251.42,704.42,2.12,761.74,1135.07,1619.07,6413.81
30,남성,식이섬유 섭취량(g),1544.0,25.31,12.36,1.51,16.76,23.24,31.84,138.41
30,남성,신장,1757.0,175.49,5.71,157.2,171.6,175.5,179.2,195.0
30,남성,아연 섭취량(mg),1544.0,12.81,6.91,0.22,8.54,11.45,15.62,76.76
30,남성,엽산 섭취량(μgDFE),1544.0,319.35,153.73,12.79,213.07,297.83,401.07,1393.85
30,남성,요나트륨,1703.0,110.98,47.62,10.0,76.0,108.0,142.0,298.0
30,남성,요비중,1724.0,1.02,0.01,1.0,1.02,1.02,1.03,1.05
30,남성,요산,1736.0,6.4,1.29,1.9,5.5,6.4,7.2,11.4
30,남성,요칼륨,1626.0,46.57,22.11,3.0,29.0,44.0,61.0,100.0
30,남성,월평균 가구총소득,1853.0,546.91,300.48,16.67,340.0,490.0,685.0,1500.0
30,남성,이상지질혈증 진단시기,76.0,33.14,3.35,24.0,31.0,34.0,35.0,38.0
30,남성,이유보충식 시작시기(개월),0.0,,,,,,,
30,남성,인 섭취량(mg),1544.0,1293.49,569.28,54.18,910.21,1198.61,1594.12,5602.11
30,남성,일반우유(생우유) 시작시기(개월),0.0,,,,,,,
30,남성,중성지방,1724.0,157.49,121.36,24.0,85.0,125.0,191.0,1615.0
30,남성,지방 섭취량(g),1544.0,69.9,48.8,2.79,38.46,58.18,85.64,512.15
30,남성,철 섭취량(mg),1544.0,12.39,8.23,0.33,7.36,10.58,15.18,83.86
30,남성,체중,1759.0,78.73,13.01,45.8,70.0,77.7,85.8,157.7
30,남성,체질량지수,1757.0,25.53,3.82,15.43,23.02,25.17,27.7,47.85
30,남성,총콜레스테롤,1737.0,200.1,34.48,89.0,177.0,199.0,221.0,379.0
30,남성,"최종 수축기 혈압(2,3차 평균)",1721.0,117.4,11.95,87.0,109.0,116.0,124.5,177.0
30,남성,"최종 이완기 혈압(2,3차 평균)",1730.0,78.43,9.91,53.0,72.0,77.0,84.5,124.0
30,남성,칼륨 섭취량(mg),1544.0,3032.9,1338.77,203.7,2138.11,2832.55,3724.79,14855.13
30,남성,칼슘 섭취량(mg),1544.0,545.7,304.25,60.23,333.75,490.25,680.31,2400.71
30,남성,콜레스테롤 섭취량(mg),1544.0,355.99,255.03,0.0,178.54,300.58,468.9,1972.74
30,남성,탄수화물 섭취량(g),1544.0,311.5,123.05,30.71,227.92,295.59,377.57,1084.38
30,남성,티아민 섭취량(mg),1544.0,1.56,0.95,0.0,0.94,1.33,1.92,10.28
30,남성,평소 하루 앉아서 보내는 시간(분),1679.0,1.41,6.48,0.0,0.0,0.0,0.0,55.0
30,남성,평소 하루 앉아서 보내는 시간(시간),1679.0,8.94,3.61,0.0,6.0,9.0,12.0,18.0
30,남성,포화지방산 섭취량(g),1544.0,22.42,17.23,0.26,11.59,17.85,27.73,201.1
30,남성,허리둘레,1744.0,88.64,9.75,59.4,82.28,88.0,94.6,137.7
30,남성,헤마토크리트,1737.0,46.15,2.74,34.0,44.3,46.1,47.8,57.8
30,남성,헤모글로빈,1737.0,15.45,0.96,11.0,14.9,15.4,16.0,19.4
30,남성,혈중요소질소,1737.0,14.23,3.44,5.0,12.0,14.0,16.0,32.0
30,남성,혈중크레아티닌,1737.0,0.94,0.13,0.52,0.85,0.93,1.01,2.4
30,여성,1주일간 걷기 일수,2049.0,4.73,2.48,1.0,3.0,5.0,7.0,8.0
30,여성,1차 수축기 혈압,2122.0,108.17,11.95,80.0,100.0,106.0,114.0,204.0
30,여성,1차 이완기 혈압,2139.0,71.41,9.53,40.0,64.0,70.0,76.0,130.0
30,여성,2차 수축기 혈압,2120.0,107.1,11.78,78.0,100.0,106.0,112.0,202.0
30,여성,2차 이완기 혈압,2139.0,71.11,9.09,44.0,65.0,70.0,76.0,130.0
30,여성,3차 수축기 혈압,2110.0,106.5,11.45,82.0,100.0,105.0,112.0,192.0
30,여성,3차 이완기 혈압,2139.0,70.87,9.05,44.0,64.0,70.0,76.0,130.0
30,여성,60초 맥박수,65.0,59.45,15.93,29.0,53.0,56.0,57.0,115.0
30,여성,ALT(SGPT),2120.0,16.99,18.05,5.0,10.0,13.0,18.0,395.0
30,여성,AST(SGOT),2121.0,19.91,12.12,8.0,15.0,18.0,21.0,205.0
30,여성,n-3계 지방산 섭취량(g),1980.0,1.66,1.74,0.0,0.72,1.24,2.04,30.11
30,여성,n-6계 지방산 섭취량(g),1980.0,10.26,8.02,0.06,5.11,8.07,13.08,99.55
30,여성,걷기 지속 시간(분),2049.0,28.16,28.37,0.0,0.0,30.0,30.0,88.0
30,여성,걷기 지속 시간(시간),2049.0,13.12,30.67,0.0,0.0,1.0,1.0,88.0
30,여성,고혈압 진단시기,32.0,31.81,4.65,18.0,29.0,32.5,35.25,38.0
30,여성,공복시간,2127.0,13.43,2.51,0.0,12.0,14.0,15.0,26.0
30,여성,공복혈당,2076.0,92.5,13.78,59.0,86.0,91.0,96.0,308.0
30,여성,나이아신 섭취량(mg),1980.0,11.73,6.89,0.38,7.14,10.21,14.58,82.72
30,여성,나트륨 섭취량(mg),1980.0,2898.72,1654.81,0.0,1821.19,2583.21,3671.11,16863.49
30,여성,다가불포화지방산 섭취량(g),1980.0,11.97,9.27,0.06,5.94,9.62,15.13,118.66
30,여성,단백질 섭취량(g),1980.0,65.03,32.53,0.61,42.94,60.06,80.31,287.9
30,여성,단일불포화지방산 섭취량(g),1980.0,16.03,11.72,0.0,8.17,13.19,20.49,114.98
30,여성,당 섭취량(g),1980.0,54.72,36.31,0.18,29.23,47.41,71.86,376.2
30,여성,당화혈색소,2122.0,5.38,0.47,4.0,5.1,5.3,5.5,12.1
30,여성,레티놀 섭취량(μg),1980.0,176.13,250.81,0.0,46.65,116.93,211.58,4498.95
30,여성,리보플라빈 섭취량(mg),1980.0,1.52,0.82,0.01,0.96,1.37,1.93,10.32
30,여성,마그네슘 섭취량(mg),1980.0,254.45,112.35,9.08,173.55,235.96,316.56,863.29
30,여성,만나이,2258.0,35.01,2.84,30.0,33.0,35.0,38.0,39.0
30,여성,모유수유 자녀수,1625.0,26.24,39.0,1.0,1.0,2.0,88.0,88.0
30,여성,모유수유기간(연),1625.0,25.64,39.38,0.0,0.0,1.0,88.0,88.0
30,여성,모유수유기간(월 환산),2168.0,4409.77,4740.91,1.0,10.0,34.0,9999.0,9999.0
30,여성,모유수유기간(월),1625.0,27.93,38.03,0.0,2.0,6.0,88.0,88.0
30,여성,물 섭취량(컵),1979.0,4.73,2.94,0.0,2.5,4.5,6.0,22.0
30,여성,베타카로틴 섭취량(μg),1980.0,2363.57,2440.71,0.0,937.68,1700.67,2983.1,38537.3
30,여성,비타민A(레티놀 활성 당량) 섭취량(μgRAE),1980.0,373.7,330.03,0.0,177.71,293.95,457.53,4975.6
30,여성,비타민C 섭취량(mg),1980.0,59.34,89.34,0.0,20.46,39.09,72.52,2855.29
30,여성,비타민D 섭취량(μg),1980.0,3.0,6.57,0.0,0.55,1.47,3.36,149.94
30,여성,비타민E 섭취량(mg α-TE),1980.0,6.44,3.93,0.0,3.9,5.59,8.08,39.46
30,여성,수분 섭취량(g),1980.0,996.26,521.05,4.61,625.6,927.8,1270.7,4076.8
30,여성,식이섬유 섭취량(g),1980.0,19.51,10.08,0.67,12.42,17.55,24.71,103.75
30,여성,신장,2154.0,161.9,5.35,141.5,158.3,161.8,165.4,178.9
30,여성,아연 섭취량(mg),1980.0,8.77,4.5,0.15,5.77,7.98,10.82,46.9
30,여성,엽산 섭취량(μgDFE),1980.0,257.32,130.47,5.67,163.64,235.11,321.55,1213.79
30,여성,요나트륨,2004.0,101.01,47.91,10.0,65.0,97.0,134.0,287.0
30,여성,요비중,2027.0,1.02,0.01,1.0,1.01,1.02,1.02,1.05
30,여성,요산,2120.0,4.49,1.0,1.7,3.8,4.4,5.1,9.4
30,여성,요칼륨,1887.0,43.5,22.74,3.0,25.0,40.0,60.0,100.0
30,여성,월평균 가구총소득,2254.0,541.71,299.62,16.67,333.33,492.67,700.0,1500.0
30,여성,이상지질혈증 진단시기,55.0,30.93,5.94,7.0,28.5,32.0,35.5,39.0
30,여성,이유보충식 시작시기(개월),0.0,,,,,,,
30,여성,인 섭취량(mg),1980.0,941.61,410.29,33.3,655.5,880.36,1161.94,3502.69
30,여성,일반우유(생우유) 시작시기(개월),0.0,,,,,,,
30,여성,중성지방,2107.0,101.15,80.61,25.0,59.0,79.0,116.0,1324.0
30,여성,지방 섭취량(g),1980.0,49.07,32.07,0.37,27.15,41.48,63.66,285.4
30,여성,철 섭취량(mg),1980.0,8.89,5.81,0.09,5.11,7.76,11.12,84.69
30,여성,체중,2155.0,59.96,11.15,37.1,52.1,57.7,66.0,124.0
30,여성,체질량지수,2146.0,22.86,4.1,14.2,20.0,21.98,24.76,47.96
30,여성,총콜레스테롤,2121.0,191.33,34.13,89.0,168.0,187.0,210.0,394.0
30,여성,"최종 수축기 혈압(2,3차 평균)",2076.0,106.95,11.48,80.0,100.0,105.5,112.5,197.0
30,여성,"최종 이완기 혈압(2,3차 평균)",2137.0,70.96,8.87,44.0,65.0,70.0,76.0,130.0
30,여성,칼륨 섭취량(mg),1980.0,2361.87,1068.23,31.21,1607.33,2185.27,2938.2,8751.79
30,여성,칼슘 섭취량(mg),1980.0,451.41,264.87,2.48,265.43,406.44,583.95,3862.49
30,여성,콜레스테롤 섭취량(mg),1980.0,259.96,203.42,0.0,115.73,215.54,350.2,2630.87
30,여성,탄수화물 섭취량(g),1980.0,231.67,98.65,22.61,164.45,218.18,284.87,826.12
30,여성,티아민 섭취량(mg),1980.0,1.05,0.66,0.0,0.62,0.91,1.31,7.75
30,여성,평소 하루 앉아서 보내는 시간(분),2047.0,1.69,6.97,0.0,0.0,0.0,0.0,50.0
30,여성,평소 하루 앉아서 보내는 시간(시간),2047.0,8.59,3.52,0.0,6.0,9.0,11.0,20.0
30,여성,포화지방산 섭취량(g),1980.0,16.2,11.56,0.03,8.11,13.49,21.11,105.49
30,여성,허리둘레,2115.0,76.9,10.22,57.1,69.4,75.2,82.4,130.3
30,여성,헤마토크리트,2122.0,39.58,2.96,23.3,37.9,39.6,41.5,49.8
30,여성,헤모글로빈,2122.0,12.95,1.13,6.0,12.4,13.1,13.7,16.9
30,여성,혈중요소질소,2121.0,12.03,3.21,4.0,10.0,12.0,14.0,28.0
30,여성,혈중크레아티닌,2121.0,0.67,0.1,0.4,0.6,0.66,0.73,1.55
40,남성,1주일간 걷기 일수,2048.0,4.53,2.62,1.0,2.0,4.0,7.0,8.0
40,남성,1차 수축기 혈압,2152.0,120.8,14.2,84.0,111.0,120.0,129.0,204.0
40,남성,1차 이완기 혈압,2147.0,81.16,10.64,50.0,74.0,80.0,88.0,140.0
40,남성,2차 수축기 혈압,2147.0,119.62,13.59,88.0,110.0,118.0,128.0,196.0
40,남성,2차 이완기 혈압,2146.0,81.03,10.49,55.0,74.0,80.0,87.0,140.0
40,남성,3차 수축기 혈압,2147.0,119.16,13.44,86.0,110.0,118.0,127.5,204.0
40,남성,3차 이완기 혈압,2148.0,80.77,10.39,48.0,74.0,80.0,86.0,138.0
40,남성,60초 맥박수,153.0,56.26,12.22,27.0,52.0,56.0,57.0,116.0
40,남성,ALT(SGPT),2156.0,32.62,27.89,6.0,19.0,26.0,38.0,732.0
40,남성,AST(SGOT),2159.0,27.09,18.17,10.0,20.0,23.0,29.0,452.0
40,남성,n-3계 지방산 섭취량(g),1888.0,2.13,1.9,0.04,1.02,1.65,2.63,24.39
40,남성,n-6계 지방산 섭취량(g),1888.0,12.72,8.51,0.57,7.19,10.73,15.87,72.45
40,남성,걷기 지속 시간(분),2047.0,31.84,31.46,0.0,0.0,30.0,40.0,88.0
40,남성,걷기 지속 시간(시간),2047.0,18.57,35.29,0.0,0.0,1.0,2.0,88.0
40,남성,고혈압 진단시기,335.0,39.76,5.56,18.0,37.0,41.0,44.0,49.0
40,남성,공복시간,2157.0,13.04,2.8,0.0,12.0,13.0,14.0,38.0
40,남성,공복혈당,2074.0,105.19,27.18,40.0,92.0,98.0,107.75,310.0
40,남성,나이아신 섭취량(mg),1888.0,15.5,8.19,0.78,9.91,13.7,19.21,76.08
40,남성,나트륨 섭취량(mg),1888.0,4243.94,2272.26,363.0,2777.64,3794.2,5244.41,25789.48
40,남성,다가불포화지방산 섭취량(g),1888.0,14.9,9.77,0.62,8.62,12.53,18.54,80.67
40,남성,단백질 섭취량(g),1888.0,87.26,41.27,2.75,59.77,80.11,106.67,407.78
40,남성,단일불포화지방산 섭취량(g),1888.0,19.8,14.69,0.32,10.51,16.0,24.53,202.8
40,남성,당 섭취량(g),1888.0,65.02,43.77,1.46,33.83,55.92,85.32,356.09
40,남성,당화혈색소,2158.0,5.76,0.92,4.0,5.3,5.6,5.8,14.2
40,남성,레티놀 섭취량(μg),1888.0,168.32,367.38,0.0,41.91,101.78,195.51,10691.43
40,남성,리보플라빈 섭취량(mg),1888.0,1.94,1.03,0.06,1.25,1.76,2.41,9.98
40,남성,마그네슘 섭취량(mg),1888.0,352.0,152.63,5.67,250.64,331.9,425.18,1325.25
40,남성,만나이,2309.0,44.55,2.87,40.0,42.0,45.0,47.0,49.0
40,남성,모유수유 자녀수,0.0,,,,,,,
40,남성,모유수유기간(연),0.0,,,,,,,
40,남성,모유수유기간(월 환산),0.0,,,,,,,
40,남성,모유수유기간(월),0.0,,,,,,,
40,남성,물 섭취량(컵),1888.0,6.0,3.47,0.5,3.6,5.0,7.5,25.0
40,남성,베타카로틴 섭취량(μg),1888.0,3178.87,2933.39,0.0,1429.4,2431.75,3958.5,44969.34
40,남성,비타민A(레티놀 활성 당량) 섭취량(μgRAE),1888.0,435.08,481.68,0.0,217.94,346.25,518.25,11561.61
40,남성,비타민C 섭취량(mg),1888.0,73.59,117.02,0.0,26.85,45.19,79.9,2655.32
40,남성,비타민D 섭취량(μg),1888.0,3.9,7.5,0.0,0.76,1.96,4.48,187.64
40,남성,비타민E 섭취량(mg α-TE),1888.0,8.2,4.71,0.45,5.36,7.41,9.91,92.28
40,남성,수분 섭취량(g),1888.0,1250.79,705.78,0.93,767.83,1115.77,1577.8,5387.33
40,남성,식이섬유 섭취량(g),1888.0,27.78,13.56,1.22,18.62,25.59,34.26,124.11
40,남성,신장,2175.0,173.18,5.78,151.1,169.3,173.4,177.0,198.0
40,남성,아연 섭취량(mg),1888.0,12.22,6.47,0.15,8.24,11.06,14.7,95.46
40,남성,엽산 섭취량(μgDFE),1888.0,352.95,173.72,12.15,236.3,321.41,437.18,1947.02
40,남성,요나트륨,2116.0,115.45,48.49,11.0,79.0,111.0,149.0,300.0
40,남성,요비중,2125.0,1.02,0.01,1.0,1.02,1.02,1.02,1.05
40,남성,요산,2158.0,6.1,1.28,2.5,5.3,6.1,7.0,11.1
40,남성,요칼륨,1981.0,44.91,21.58,4.0,28.0,42.0,60.0,100.0
40,남성,월평균 가구총소득,2301.0,558.99,309.87,16.67,342.5,500.0,708.33,1500.0
40,남성,이상지질혈증 진단시기,352.0,40.83,4.42,25.0,38.0,41.0,44.0,49.0
40,남성,이유보충식 시작시기(개월),0.0,,,,,,,
40,남성,인 섭취량(mg),1888.0,1244.17,517.81,49.0,901.49,1170.91,1490.96,4611.82
40,남성,일반우유(생우유) 시작시기(개월),0.0,,,,,,,
40,남성,중성지방,2145.0,192.13,160.34,27.0,101.0,148.0,227.0,1638.0
40,남성,지방 섭취량(g),1888.0,59.7,37.98,3.23,34.39,51.08,75.07,476.84
40,남성,철 섭취량(mg),1888.0,12.1,8.21,0.0,7.15,10.2,14.57,101.24
40,남성,체중,2178.0,76.16,11.6,40.5,68.7,75.25,82.9,128.6
40,남성,체질량지수,2175.0,25.37,3.49,16.0,23.12,25.09,27.37,45.93
40,남성,총콜레스테롤,2159.0,203.23,38.77,89.0,177.0,201.0,227.0,489.0
40,남성,"최종 수축기 혈압(2,3차 평균)",2142.0,119.44,13.31,88.0,110.0,118.0,127.0,200.0
40,남성,"최종 이완기 혈압(2,3차 평균)",2137.0,80.82,10.24,55.0,74.0,80.0,87.0,139.0
40,남성,칼륨 섭취량(mg),1888.0,3118.35,1351.95,96.39,2206.89,2919.87,3764.53,11871.35
40,남성,칼슘 섭취량(mg),1888.0,558.17,316.32,8.91,348.12,496.52,688.22,3199.06
40,남성,콜레스테롤 섭취량(mg),1888.0,321.99,238.59,0.0,149.62,271.98,434.32,2147.17
40,남성,탄수화물 섭취량(g),1888.0,318.12,123.09,10.94,233.55,300.94,381.48,956.95
40,남성,티아민 섭취량(mg),1888.0,1.45,0.84,0.1,0.9,1.27,1.78,8.96
40,남성,평소 하루 앉아서 보내는 시간(분),2044.0,1.68,6.93,0.0,0.0,0.0,0.0,50.0
40,남성,평소 하루 앉아서 보내는 시간(시간),2044.0,8.71,3.57,1.0,6.0,9.0,11.25,20.0
40,남성,포화지방산 섭취량(g),1888.0,19.1,13.68,0.89,10.4,15.64,23.9,189.89
40,남성,허리둘레,2160.0,88.91,9.34,58.9,82.6,88.8,94.4,129.2
40,남성,헤마토크리트,2159.0,45.77,3.0,27.2,43.8,45.8,47.7,56.6
40,남성,헤모글로빈,2159.0,15.35,1.08,9.2,14.7,15.4,16.0,19.5
40,남성,혈중요소질소,2159.0,14.68,3.75,5.0,12.0,14.0,17.0,57.0
40,남성,혈중크레아티닌,2159.0,0.93,0.21,0.2,0.84,0.92,1.0,8.35
40,여성,1주일간 걷기 일수,2740.0,4.74,2.52,1.0,3.0,5.0,7.0,8.0
40,여성,1차 수축기 혈압,2806.0,113.02,14.44,82.0,103.0,111.0,120.0,194.0
40,여성,1차 이완기 혈압,2820.0,74.37,9.96,48.0,67.0,74.0,80.0,119.0
40,여성,2차 수축기 혈압,2796.0,111.9,14.02,80.0,102.0,110.0,120.0,188.0
40,여성,2차 이완기 혈압,2823.0,74.05,9.78,50.0,67.0,73.0,80.0,118.0
40,여성,3차 수축기 혈압,2797.0,111.23,13.72,81.0,102.0,110.0,118.0,186.0
40,여성,3차 이완기 혈압,2822.0,73.7,9.73,50.0,66.0,72.0,80.0,120.0
40,여성,60초 맥박수,138.0,60.46,16.31,39.0,53.25,56.0,58.0,120.0
40,여성,ALT(SGPT),2813.0,17.36,13.63,5.0,11.0,14.0,19.0,235.0
40,여성,AST(SGOT),2813.0,20.66,12.0,9.0,16.0,19.0,22.0,373.0
40,여성,n-3계 지방산 섭취량(g),2610.0,1.7,1.77,0.01,0.75,1.24,2.09,38.15
40,여성,n-6계 지방산 섭취량(g),2610.0,9.37,6.64,0.16,4.99,7.72,11.69,65.26
40,여성,걷기 지속 시간(분),2738.0,29.87,29.71,0.0,0.0,30.0,40.0,88.0
40,여성,걷기 지속 시간(시간),2738.0,15.2,32.6,0.0,0.0,1.0,2.0,88.0
40,여성,고혈압 진단시기,183.0,41.9,4.4,29.0,39.0,43.0,45.0,49.0
40,여성,공복시간,2814.0,13.45,2.36,1.0,12.0,13.0,15.0,24.0
40,여성,공복혈당,2733.0,95.84,17.58,65.0,88.0,93.0,98.0,335.0
40,여성,나이아신 섭취량(mg),2610.0,11.42,5.96,0.0,7.38,10.29,13.98,67.76
40,여성,나트륨 섭취량(mg),2610.0,2877.93,1532.48,46.72,1813.85,2584.86,3677.15,14727.3
40,여성,다가불포화지방산 섭취량(g),2610.0,11.1,7.76,0.18,6.02,9.16,13.76,77.77
40,여성,단백질 섭취량(g),2610.0,61.69,27.82,1.71,41.53,57.8,76.04,260.59
40,여성,단일불포화지방산 섭취량(g),2610.0,14.02,9.9,0.22,7.32,11.73,17.88,107.2
40,여성,당 섭취량(g),2610.0,55.47,37.93,0.06,29.79,47.64,71.38,610.78
40,여성,당화혈색소,2811.0,5.5,0.58,4.1,5.2,5.4,5.7,12.1
40,여성,레티놀 섭취량(μg),2610.0,149.54,237.01,0.0,38.75,96.19,184.51,6797.42
40,여성,리보플라빈 섭취량(mg),2610.0,1.46,0.74,0.02,0.95,1.34,1.83,8.26
40,여성,마그네슘 섭취량(mg),2610.0,274.26,120.76,12.09,192.77,254.18,337.32,1433.91
40,여성,만나이,2964.0,44.58,2.91,40.0,42.0,45.0,47.0,49.0
40,여성,모유수유 자녀수,2555.0,21.3,36.04,1.0,2.0,2.0,3.0,88.0
40,여성,모유수유기간(연),2553.0,20.76,36.36,0.0,0.0,1.0,4.0,88.0
40,여성,모유수유기간(월 환산),2871.0,2905.66,4302.84,1.0,10.0,24.0,8888.0,9999.0
40,여성,모유수유기간(월),2553.0,22.79,35.36,0.0,1.0,6.0,10.0,88.0
40,여성,물 섭취량(컵),2610.0,5.05,2.97,0.0,3.0,5.0,6.0,30.0
40,여성,베타카로틴 섭취량(μg),2610.0,2728.16,2645.23,0.0,1111.96,1955.69,3420.26,30271.58
40,여성,비타민A(레티놀 활성 당량) 섭취량(μgRAE),2610.0,377.49,332.71,0.0,183.63,298.2,467.74,7485.75
40,여성,비타민C 섭취량(mg),2610.0,65.29,82.33,0.01,23.35,42.95,76.95,1344.32
40,여성,비타민D 섭취량(μg),2610.0,2.92,5.81,0.0,0.53,1.45,3.32,115.16
40,여성,비타민E 섭취량(mg α-TE),2610.0,6.3,3.52,0.13,4.0,5.6,7.89,57.28
40,여성,수분 섭취량(g),2610.0,1024.79,554.49,6.9,636.88,939.96,1300.64,6635.28
40,여성,식이섬유 섭취량(g),2610.0,22.48,11.43,0.0,14.54,20.58,27.81,130.98
40,여성,신장,2853.0,160.33,5.5,129.9,156.6,160.3,164.1,178.9
40,여성,아연 섭취량(mg),2610.0,8.85,4.25,0.53,5.98,8.11,10.81,54.52
40,여성,엽산 섭취량(μgDFE),2610.0,287.65,140.47,6.54,189.68,266.08,356.95,1310.77
40,여성,요나트륨,2656.0,101.31,48.68,10.0,64.75,95.0,135.0,275.0
40,여성,요비중,2685.0,1.02,0.01,1.0,1.01,1.02,1.02,1.05
40,여성,요산,2813.0,4.31,0.98,0.9,3.7,4.2,4.9,12.6
40,여성,요칼륨,2527.0,42.73,22.18,2.0,25.0,38.0,58.0,100.0
40,여성,월평균 가구총소득,2956.0,560.23,313.18,16.67,333.33,500.0,716.67,1500.0
40,여성,이상지질혈증 진단시기,200.0,42.0,4.69,23.0,40.0,43.0,45.0,48.0
40,여성,이유보충식 시작시기(개월),0.0,,,,,,,
40,여성,인 섭취량(mg),2610.0,939.42,384.0,37.69,667.86,891.85,1148.03,4185.12
40,여성,일반우유(생우유) 시작시기(개월),0.0,,,,,,,
40,여성,중성지방,2800.0,105.23,75.35,18.0,61.0,85.0,126.0,925.0
40,여성,지방 섭취량(g),2610.0,43.29,27.15,1.41,24.69,37.47,54.51,269.69
40,여성,철 섭취량(mg),2610.0,9.05,5.8,0.07,5.56,7.84,11.08,110.39
40,여성,체중,2856.0,59.92,10.28,37.1,52.88,58.1,65.1,111.8
40,여성,체질량지수,2852.0,23.29,3.76,15.38,20.63,22.58,25.21,44.17
40,여성,총콜레스테롤,2814.0,195.67,33.75,103.0,173.0,193.0,216.0,457.0
40,여성,"최종 수축기 혈압(2,3차 평균)",2762.0,111.72,13.69,81.0,102.0,110.0,119.0,186.0
40,여성,"최종 이완기 혈압(2,3차 평균)",2820.0,73.85,9.58,50.0,67.0,73.0,80.0,119.0
40,여성,칼륨 섭취량(mg),2610.0,2515.28,1231.71,48.36,1723.6,2340.95,3098.74,30420.97
40,여성,칼슘 섭취량(mg),2610.0,455.83,255.83,8.33,278.35,409.86,579.54,3207.5
40,여성,콜레스테롤 섭취량(mg),2610.0,240.35,184.85,0.0,104.64,199.82,326.98,1544.12
40,여성,탄수화물 섭취량(g),2610.0,237.49,95.13,4.81,174.1,223.53,285.75,1064.54
40,여성,티아민 섭취량(mg),2610.0,1.03,0.56,0.03,0.64,0.91,1.3,5.5
40,여성,평소 하루 앉아서 보내는 시간(분),2737.0,1.74,7.2,0.0,0.0,0.0,0.0,55.0
40,여성,평소 하루 앉아서 보내는 시간(시간),2737.0,8.15,3.37,0.0,5.0,8.0,10.0,20.0
40,여성,포화지방산 섭취량(g),2610.0,13.82,9.91,0.39,7.3,11.6,17.49,99.04
40,여성,허리둘레,2820.0,78.37,9.54,58.7,71.4,77.1,83.7,119.2
40,여성,헤마토크리트,2812.0,39.13,3.39,21.8,37.3,39.3,41.3,51.1
40,여성,헤모글로빈,2812.0,12.77,1.36,5.3,12.2,12.9,13.6,17.3
40,여성,혈중요소질소,2814.0,12.57,3.4,5.0,10.0,12.0,14.0,37.0
40,여성,혈중크레아티닌,2814.0,0.67,0.1,0.36,0.6,0.66,0.73,1.54
50,남성,1주일간 걷기 일수,2131.0,4.5,2.67,1.0,2.0,4.0,8.0,8.0
50,남성,1차 수축기 혈압,2274.0,123.89,15.31,88.0,114.0,123.0,132.0,239.0
50,남성,1차 이완기 혈압,2273.0,81.21,9.83,42.0,74.0,81.0,87.0,127.0
50,남성,2차 수축기 혈압,2271.0,122.88,15.06,86.0,113.0,122.0,132.0,238.0
50,남성,2차 이완기 혈압,2270.0,80.95,9.61,50.0,74.0,80.0,87.0,124.0
50,남성,3차 수축기 혈압,2273.0,122.31,14.88,82.0,112.0,121.0,131.0,237.0
50,남성,3차 이완기 혈압,2271.0,80.86,9.59,50.0,74.0,80.0,86.0,124.0
50,남성,60초 맥박수,262.0,56.2,10.11,41.0,52.0,55.0,56.0,118.0
50,남성,ALT(SGPT),2249.0,28.2,19.76,5.0,18.0,23.0,32.0,308.0
50,남성,AST(SGOT),2251.0,26.98,17.97,10.0,20.0,24.0,29.0,454.0
50,남성,n-3계 지방산 섭취량(g),1989.0,2.13,2.0,0.01,0.96,1.62,2.62,25.65
50,남성,n-6계 지방산 섭취량(g),1989.0,11.22,7.39,0.44,6.13,9.48,14.38,69.72
50,남성,걷기 지속 시간(분),2131.0,32.91,32.42,0.0,0.0,30.0,40.0,88.0
50,남성,걷기 지속 시간(시간),2131.0,20.11,36.28,0.0,0.0,1.0,3.0,88.0
50,남성,고혈압 진단시기,673.0,47.02,6.81,13.0,43.0,48.0,52.0,59.0
50,남성,공복시간,2253.0,12.98,2.61,0.0,12.0,13.0,14.0,23.0
50,남성,공복혈당,2153.0,110.4,30.47,61.0,94.0,102.0,115.0,460.0
50,남성,나이아신 섭취량(mg),1989.0,14.54,7.38,1.34,9.52,13.05,18.13,78.46
50,남성,나트륨 섭취량(mg),1989.0,4102.94,2147.96,100.34,2659.76,3720.85,5086.73,18189.45
50,남성,다가불포화지방산 섭취량(g),1989.0,13.38,8.68,0.47,7.45,11.45,17.06,84.21
50,남성,단백질 섭취량(g),1989.0,82.54,38.28,9.22,57.67,76.55,100.62,468.62
50,남성,단일불포화지방산 섭취량(g),1989.0,16.89,13.33,0.46,8.24,13.61,21.66,119.67
50,남성,당 섭취량(g),1989.0,61.22,41.45,0.51,31.76,51.42,80.65,302.22
50,남성,당화혈색소,2250.0,5.94,0.95,3.9,5.4,5.7,6.1,12.7
50,남성,레티놀 섭취량(μg),1989.0,159.44,409.82,0.0,30.76,87.65,174.2,8855.27
50,남성,리보플라빈 섭취량(mg),1989.0,1.81,0.92,0.1,1.16,1.67,2.26,9.55
50,남성,마그네슘 섭취량(mg),1989.0,368.85,154.47,29.48,266.91,345.94,448.79,1836.38
50,남성,만나이,2426.0,54.64,2.89,50.0,52.0,55.0,57.0,59.0
50,남성,모유수유 자녀수,0.0,,,,,,,
50,남성,모유수유기간(연),0.0,,,,,,,
50,남성,모유수유기간(월 환산),0.0,,,,,,,
50,남성,모유수유기간(월),0.0,,,,,,,
50,남성,물 섭취량(컵),1989.0,5.76,3.34,0.0,3.5,5.0,7.5,30.0
50,남성,베타카로틴 섭취량(μg),1989.0,3294.43,2912.63,0.07,1473.91,2571.62,4172.15,35741.4
50,남성,비타민A(레티놀 활성 당량) 섭취량(μgRAE),1989.0,434.74,497.15,0.01,209.18,335.02,537.75,9721.61
50,남성,비타민C 섭취량(mg),1989.0,68.68,80.68,0.0,26.63,45.69,82.96,1186.38
50,남성,비타민D 섭취량(μg),1989.0,3.83,7.57,0.0,0.7,2.01,4.31,154.82
50,남성,비타민E 섭취량(mg α-TE),1989.0,7.85,4.6,0.29,5.07,7.04,9.65,78.94
50,남성,수분 섭취량(g),1989.0,1211.87,673.37,43.12,739.66,1084.4,1541.39,4696.03
50,남성,식이섬유 섭취량(g),1989.0,30.43,14.65,2.35,20.36,28.12,37.98,132.14
50,남성,신장,2292.0,170.42,5.74,148.1,166.4,170.5,174.3,187.8
50,남성,아연 섭취량(mg),1989.0,12.2,5.89,0.89,8.53,11.16,14.73,71.4
50,남성,엽산 섭취량(μgDFE),1989.0,384.62,175.98,18.25,262.41,356.86,480.81,1331.5
50,남성,요나트륨,2235.0,120.91,48.56,10.0,85.0,119.0,155.0,293.0
50,남성,요비중,2255.0,1.02,0.01,1.0,1.01,1.02,1.02,1.05
50,남성,요산,2249.0,5.74,1.28,0.9,4.9,5.7,6.6,11.8
50,남성,요칼륨,2075.0,45.71,22.28,3.0,28.0,42.0,61.0,100.0
50,남성,월평균 가구총소득,2416.0,583.51,357.45,16.67,316.38,514.79,797.5,1500.0
50,남성,이상지질혈증 진단시기,567.0,48.61,5.96,25.0,45.0,50.0,53.0,59.0
50,남성,이유보충식 시작시기(개월),0.0,,,,,,,
50,남성,인 섭취량(mg),1989.0,1230.09,501.34,128.81,899.86,1163.21,1478.39,5198.77
50,남성,일반우유(생우유) 시작시기(개월),0.0,,,,,,,
50,남성,중성지방,2236.0,176.03,145.89,27.0,94.0,140.0,208.0,2708.0
50,남성,지방 섭취량(g),1989.0,51.59,34.27,1.67,28.93,44.33,64.58,323.67
50,남성,철 섭취량(mg),1989.0,12.08,7.66,0.75,7.49,10.51,14.65,115.64
50,남성,체중,2295.0,72.02,10.57,44.8,64.85,71.4,78.0,125.2
50,남성,체질량지수,2292.0,24.76,3.15,16.52,22.71,24.61,26.48,39.97
50,남성,총콜레스테롤,2248.0,193.65,39.1,82.0,169.0,194.0,219.0,418.0
50,남성,"최종 수축기 혈압(2,3차 평균)",2261.0,122.71,14.73,85.5,113.0,121.5,131.0,237.5
50,남성,"최종 이완기 혈압(2,3차 평균)",2258.0,80.81,9.37,52.0,74.5,80.5,87.0,124.0
50,남성,칼륨 섭취량(mg),1989.0,3233.11,1387.23,331.51,2279.46,3040.87,3937.49,14063.22
50,남성,칼슘 섭취량(mg),1989.0,571.39,317.87,20.75,359.7,513.3,709.23,3164.9
50,남성,콜레스테롤 섭취량(mg),1989.0,288.92,234.61,0.0,124.25,236.84,393.69,2730.42
50,남성,탄수화물 섭취량(g),1989.0,316.85,120.11,20.95,239.09,298.95,373.75,967.16
50,남성,티아민 섭취량(mg),1989.0,1.39,0.83,0.12,0.87,1.23,1.7,13.99
50,남성,평소 하루 앉아서 보내는 시간(분),2125.0,2.2,7.99,0.0,0.0,0.0,0.0,50.0
50,남성,평소 하루 앉아서 보내는 시간(시간),2125.0,8.12,3.64,0.0,5.0,8.0,10.0,20.0
50,남성,포화지방산 섭취량(g),1989.0,16.03,11.89,0.4,8.26,13.32,20.28,106.69
50,남성,허리둘레,2275.0,88.32,8.6,64.0,82.7,87.9,93.4,124.0
50,남성,헤마토크리트,2251.0,45.22,3.23,28.6,43.1,45.2,47.3,57.1
50,남성,헤모글로빈,2251.0,15.16,1.13,7.8,14.5,15.2,15.9,20.4
50,남성,혈중요소질소,2251.0,15.83,4.21,5.0,13.0,15.0,18.0,47.0
50,남성,혈중크레아티닌,2251.0,0.92,0.17,0.5,0.82,0.9,0.99,3.05
50,여성,1주일간 걷기 일수,2966.0,5.0,2.54,1.0,3.0,5.0,8.0,8.0
50,여성,1차 수축기 혈압,3051.0,119.4,16.9,80.0,108.0,118.0,130.0,210.0
50,여성,1차 이완기 혈압,3061.0,76.63,9.87,27.0,70.0,76.0,84.0,116.0
50,여성,2차 수축기 혈압,3041.0,118.33,16.56,82.0,106.0,116.0,128.0,208.0
50,여성,2차 이완기 혈압,3062.0,76.11,9.67,42.0,69.0,76.0,82.0,120.0
50,여성,3차 수축기 혈압,3041.0,117.54,16.2,77.0,106.0,116.0,128.0,200.0
50,여성,3차 이완기 혈압,3059.0,75.81,9.59,43.0,69.0,75.0,82.0,114.0
50,여성,60초 맥박수,232.0,56.23,10.15,39.0,53.0,56.0,57.0,115.0
50,여성,ALT(SGPT),3024.0,21.54,19.53,5.0,14.0,18.0,24.0,690.0
50,여성,AST(SGOT),3024.0,23.68,11.08,8.0,19.0,22.0,26.0,270.0
50,여성,n-3계 지방산 섭취량(g),2762.0,1.78,1.76,0.02,0.76,1.28,2.23,28.15
50,여성,n-6계 지방산 섭취량(g),2762.0,8.62,6.05,0.11,4.55,7.25,10.86,53.4
50,여성,걷기 지속 시간(분),2962.0,28.19,29.24,0.0,0.0,30.0,40.0,88.0
50,여성,걷기 지속 시간(시간),2962.0,13.94,31.28,0.0,0.0,1.0,2.0,88.0
50,여성,고혈압 진단시기,624.0,48.67,5.48,28.0,45.0,49.0,53.0,59.0
50,여성,공복시간,3027.0,13.42,2.4,1.0,12.0,13.0,15.0,35.0
50,여성,공복혈당,2907.0,100.84,22.16,47.0,90.0,96.0,104.0,400.0
50,여성,나이아신 섭취량(mg),2762.0,10.76,5.6,0.09,6.87,9.65,13.57,51.25
50,여성,나트륨 섭취량(mg),2762.0,2786.36,1631.56,47.7,1662.78,2474.3,3544.18,16559.67
50,여성,다가불포화지방산 섭취량(g),2762.0,10.42,7.16,0.16,5.6,8.79,13.16,62.3
50,여성,단백질 섭취량(g),2762.0,59.44,27.82,0.79,40.08,55.02,73.23,325.06
50,여성,단일불포화지방산 섭취량(g),2762.0,12.31,8.72,0.07,6.35,10.24,15.79,68.93
50,여성,당 섭취량(g),2762.0,60.79,41.13,0.58,33.17,52.49,78.27,574.66
50,여성,당화혈색소,3020.0,5.79,0.78,3.9,5.4,5.7,5.9,15.3
50,여성,레티놀 섭취량(μg),2762.0,136.05,234.45,0.0,30.51,82.66,167.02,6637.62
50,여성,리보플라빈 섭취량(mg),2762.0,1.41,0.7,0.02,0.91,1.32,1.75,7.02
50,여성,마그네슘 섭취량(mg),2762.0,294.05,131.22,3.37,202.76,273.99,359.38,1212.43
50,여성,만나이,3179.0,54.62,2.86,50.0,52.0,55.0,57.0,59.0
50,여성,모유수유 자녀수,2873.0,22.37,36.66,1.0,2.0,2.0,4.0,88.0
50,여성,모유수유기간(연),2868.0,21.81,37.03,0.0,0.0,1.0,5.0,88.0
50,여성,모유수유기간(월 환산),3101.0,2717.41,4183.39,0.0,9.0,24.0,8888.0,9999.0
50,여성,모유수유기간(월),2868.0,23.44,36.22,0.0,0.0,4.0,11.0,88.0
50,여성,물 섭취량(컵),2762.0,5.1,2.76,0.0,3.0,5.0,6.5,25.0
50,여성,베타카로틴 섭취량(μg),2762.0,3034.0,2889.71,4.08,1216.35,2241.15,3993.81,49251.11
50,여성,비타민A(레티놀 활성 당량) 섭취량(μgRAE),2762.0,389.47,351.07,2.52,187.63,311.75,485.89,7628.52
50,여성,비타민C 섭취량(mg),2762.0,71.22,77.14,0.3,26.05,50.02,91.74,1199.48
50,여성,비타민D 섭취량(μg),2762.0,2.71,4.28,0.0,0.56,1.45,3.42,82.56
50,여성,비타민E 섭취량(mg α-TE),2762.0,6.29,3.34,0.14,4.01,5.69,7.79,28.43
50,여성,수분 섭취량(g),2762.0,1011.93,550.54,13.18,633.76,922.67,1282.23,5435.09
50,여성,식이섬유 섭취량(g),2762.0,26.44,13.89,0.36,17.09,23.7,32.98,121.19
50,여성,신장,3085.0,157.82,5.25,128.4,154.4,157.8,161.3,174.3
50,여성,아연 섭취량(mg),2762.0,8.85,4.1,0.11,6.1,8.22,10.85,47.86
50,여성,엽산 섭취량(μgDFE),2762.0,320.2,161.48,2.67,211.15,291.98,398.67,1386.71
50,여성,요나트륨,2988.0,105.57,47.64,10.0,70.0,102.0,138.0,302.0
50,여성,요비중,3023.0,1.02,0.01,1.0,1.01,1.02,1.02,1.05
50,여성,요산,3023.0,4.49,0.97,1.5,3.8,4.4,5.1,9.2
50,여성,요칼륨,2802.0,43.06,22.34,3.0,25.0,39.0,59.0,100.0
50,여성,월평균 가구총소득,3168.0,550.71,353.65,16.67,291.67,500.0,750.0,1500.0
50,여성,이상지질혈증 진단시기,803.0,51.41,4.62,28.0,49.0,52.0,55.0,59.0
50,여성,이유보충식 시작시기(개월),0.0,,,,,,,
50,여성,인 섭취량(mg),2762.0,951.3,396.39,10.03,675.39,898.06,1168.66,3416.2
50,여성,일반우유(생우유) 시작시기(개월),0.0,,,,,,,
50,여성,중성지방,2994.0,121.0,83.78,24.0,72.0,102.0,146.0,1985.0
50,여성,지방 섭취량(g),2762.0,38.7,24.16,0.32,22.06,33.46,49.09,174.87
50,여성,철 섭취량(mg),2762.0,9.38,5.69,0.08,5.85,8.22,11.46,75.12
50,여성,체중,3088.0,59.2,9.19,35.9,53.0,58.1,64.1,110.5
50,여성,체질량지수,3085.0,23.76,3.48,15.08,21.31,23.3,25.71,42.7
50,여성,총콜레스테롤,3024.0,205.77,39.9,92.0,179.0,205.0,230.25,381.0
50,여성,"최종 수축기 혈압(2,3차 평균)",3023.0,118.05,16.16,82.0,106.0,116.0,127.25,204.0
50,여성,"최종 이완기 혈압(2,3차 평균)",3059.0,75.95,9.47,42.5,69.0,75.0,82.0,115.0
50,여성,칼륨 섭취량(mg),2762.0,2731.93,1360.09,30.34,1844.67,2509.2,3355.32,26911.25
50,여성,칼슘 섭취량(mg),2762.0,479.19,269.75,4.3,293.21,427.89,604.22,2452.49
50,여성,콜레스테롤 섭취량(mg),2762.0,211.4,165.99,0.0,83.44,176.81,299.39,1208.28
50,여성,탄수화물 섭취량(g),2762.0,248.83,101.93,4.8,180.12,233.57,300.28,876.24
50,여성,티아민 섭취량(mg),2762.0,1.03,0.61,0.01,0.64,0.9,1.29,8.9
50,여성,평소 하루 앉아서 보내는 시간(분),2952.0,2.19,7.98,0.0,0.0,0.0,0.0,55.0
50,여성,평소 하루 앉아서 보내는 시간(시간),2952.0,7.66,3.38,0.0,5.0,8.0,10.0,20.0
50,여성,포화지방산 섭취량(g),2762.0,11.85,8.47,0.06,6.15,9.88,15.2,65.81
50,여성,허리둘레,3058.0,80.64,9.15,55.9,74.5,79.7,86.1,121.0
50,여성,헤마토크리트,3021.0,40.39,2.9,21.5,38.6,40.4,42.2,53.7
50,여성,헤모글로빈,3021.0,13.28,1.04,5.5,12.7,13.3,13.9,18.0
50,여성,혈중요소질소,3024.0,15.03,3.97,5.0,12.0,15.0,17.0,52.0
50,여성,혈중크레아티닌,3024.0,0.68,0.11,0.36,0.61,0.67,0.74,2.39
60,남성,1주일간 걷기 일수,2314.0,4.81,2.69,1.0,2.0,5.0,8.0,8.0
60,남성,1차 수축기 혈압,2437.0,127.12,16.45,72.0,116.0,126.0,136.0,215.0
60,남성,1차 이완기 혈압,2433.0,77.9,9.53,45.0,72.0,78.0,84.0,134.0
60,남성,2차 수축기 혈압,2435.0,125.64,15.89,73.0,115.0,124.0,134.0,217.0
60,남성,2차 이완기 혈압,2436.0,77.46,9.28,43.0,72.0,77.0,84.0,134.0
60,남성,3차 수축기 혈압,2436.0,124.87,15.68,70.0,114.0,124.0,134.0,204.0
60,남성,3차 이완기 혈압,2437.0,77.25,9.3,40.0,71.0,76.0,84.0,136.0
60,남성,60초 맥박수,368.0,57.7,13.88,28.0,52.0,55.0,57.0,128.0
60,남성,ALT(SGPT),2389.0,25.32,15.24,5.0,17.0,22.0,29.0,190.0
60,남성,AST(SGOT),2391.0,27.07,14.77,9.0,20.0,24.0,30.0,301.0
60,남성,n-3계 지방산 섭취량(g),2132.0,2.12,2.0,0.01,0.9,1.53,2.66,26.3
60,남성,n-6계 지방산 섭취량(g),2132.0,9.68,6.66,0.11,5.09,8.1,12.38,57.08
60,남성,걷기 지속 시간(분),2312.0,30.4,32.37,0.0,0.0,30.0,40.0,88.0
60,남성,걷기 지속 시간(시간),2312.0,18.57,35.04,0.0,0.0,1.0,3.0,88.0
60,남성,고혈압 진단시기,1081.0,53.52,8.29,18.0,48.0,55.0,60.0,69.0
60,남성,공복시간,2394.0,13.2,2.6,0.0,12.0,13.0,14.0,26.0
60,남성,공복혈당,2317.0,110.9,27.61,44.0,95.0,103.0,117.0,360.0
60,남성,나이아신 섭취량(mg),2132.0,13.21,6.61,0.68,8.62,12.08,16.4,59.3
60,남성,나트륨 섭취량(mg),2132.0,3778.28,1967.98,185.14,2425.94,3451.78,4777.13,17862.8
60,남성,다가불포화지방산 섭취량(g),2132.0,11.83,7.87,0.12,6.28,10.11,15.36,64.97
60,남성,단백질 섭취량(g),2132.0,75.0,33.63,5.37,52.25,69.97,92.32,316.59
60,남성,단일불포화지방산 섭취량(g),2132.0,13.8,10.88,0.08,6.56,11.09,17.62,96.62
60,남성,당 섭취량(g),2132.0,59.48,42.75,0.03,29.96,50.66,78.69,573.25
60,남성,당화혈색소,2390.0,6.05,0.98,4.2,5.5,5.8,6.3,15.8
60,남성,레티놀 섭취량(μg),2132.0,133.71,333.48,0.0,18.69,71.64,154.2,10540.34
60,남성,리보플라빈 섭취량(mg),2132.0,1.63,0.84,0.05,1.06,1.49,2.06,8.3
60,남성,마그네슘 섭취량(mg),2132.0,372.14,157.78,8.52,263.19,348.21,456.81,1331.79
60,남성,만나이,2531.0,64.23,2.86,60.0,62.0,64.0,67.0,69.0
60,남성,모유수유 자녀수,0.0,,,,,,,
60,남성,모유수유기간(연),0.0,,,,,,,
60,남성,모유수유기간(월 환산),0.0,,,,,,,
60,남성,모유수유기간(월),0.0,,,,,,,
60,남성,물 섭취량(컵),2132.0,5.59,2.94,0.0,3.5,5.0,7.5,25.0
60,남성,베타카로틴 섭취량(μg),2132.0,3438.74,3179.02,2.3,1426.39,2542.74,4432.81,34454.68
60,남성,비타민A(레티놀 활성 당량) 섭취량(μgRAE),2132.0,421.22,440.2,0.19,190.53,322.64,515.99,10763.1
60,남성,비타민C 섭취량(mg),2132.0,69.52,90.67,0.0,26.48,46.8,84.21,2177.09
60,남성,비타민D 섭취량(μg),2132.0,3.64,6.06,0.0,0.55,1.78,4.29,90.34
60,남성,비타민E 섭취량(mg α-TE),2132.0,7.33,3.89,0.05,4.69,6.52,9.1,42.82
60,남성,수분 섭취량(g),2132.0,1104.87,636.08,10.78,669.55,1000.66,1425.71,9088.17
60,남성,식이섬유 섭취량(g),2132.0,31.66,14.95,0.59,21.12,29.39,39.66,126.21
60,남성,신장,2442.0,168.3,5.75,138.7,164.4,168.4,172.1,186.9
60,남성,아연 섭취량(mg),2132.0,11.73,5.21,1.43,8.28,10.86,14.27,57.53
60,남성,엽산 섭취량(μgDFE),2132.0,388.92,183.26,9.83,261.43,355.53,488.36,1261.89
60,남성,요나트륨,2381.0,121.66,46.8,10.0,87.0,119.0,153.0,271.0
60,남성,요비중,2407.0,1.02,0.01,1.0,1.01,1.02,1.02,1.05
60,남성,요산,2390.0,5.64,1.34,0.6,4.7,5.6,6.5,13.1
60,남성,요칼륨,2211.0,47.58,22.14,6.0,30.0,44.0,64.0,100.0
60,남성,월평균 가구총소득,2521.0,417.48,313.59,16.67,197.67,333.33,554.25,1500.0
60,남성,이상지질혈증 진단시기,769.0,56.78,7.1,28.0,53.0,58.0,62.0,69.0
60,남성,이유보충식 시작시기(개월),0.0,,,,,,,
60,남성,인 섭취량(mg),2132.0,1186.56,493.04,56.42,848.9,1114.08,1438.4,4267.26
60,남성,일반우유(생우유) 시작시기(개월),0.0,,,,,,,
60,남성,중성지방,2376.0,150.33,118.12,26.0,87.0,123.0,177.25,2259.0
60,남성,지방 섭취량(g),2132.0,43.31,28.58,0.32,23.88,37.15,55.31,232.2
60,남성,철 섭취량(mg),2132.0,11.71,7.1,0.63,7.24,10.29,14.38,70.23
60,남성,체중,2455.0,68.98,9.75,40.3,62.3,68.8,75.0,117.4
60,남성,체질량지수,2441.0,24.32,2.94,13.98,22.39,24.27,26.08,38.86
60,남성,총콜레스테롤,2388.0,181.01,39.56,68.0,153.0,180.0,206.0,341.0
60,남성,"최종 수축기 혈압(2,3차 평균)",2425.0,125.37,15.51,71.5,115.0,124.5,134.0,209.0
60,남성,"최종 이완기 혈압(2,3차 평균)",2437.0,77.36,9.12,41.5,71.0,77.0,83.0,135.0
60,남성,칼륨 섭취량(mg),2132.0,3176.46,1401.72,148.36,2220.12,2974.95,3961.13,14856.48
60,남성,칼슘 섭취량(mg),2132.0,579.69,336.69,5.49,356.44,512.11,718.32,3557.78
60,남성,콜레스테롤 섭취량(mg),2132.0,233.98,202.96,0.0,82.88,189.32,331.95,2062.18
60,남성,탄수화물 섭취량(g),2132.0,316.78,114.16,8.89,237.85,301.79,380.17,1054.46
60,남성,티아민 섭취량(mg),2132.0,1.27,0.67,0.02,0.82,1.15,1.56,6.36
60,남성,평소 하루 앉아서 보내는 시간(분),2301.0,2.56,8.62,0.0,0.0,0.0,0.0,50.0
60,남성,평소 하루 앉아서 보내는 시간(시간),2301.0,8.03,3.56,1.0,5.0,8.0,10.0,20.0
60,남성,포화지방산 섭취량(g),2132.0,13.13,9.77,0.1,6.63,10.91,16.75,93.63
60,남성,허리둘레,2437.0,88.55,8.62,57.8,83.2,88.5,94.0,132.7
60,남성,헤마토크리트,2390.0,44.29,3.63,25.7,42.0,44.4,46.6,69.2
60,남성,헤모글로빈,2390.0,14.8,1.28,7.5,14.1,14.8,15.6,21.3
60,남성,혈중요소질소,2391.0,16.88,5.31,5.0,14.0,16.0,19.0,95.0
60,남성,혈중크레아티닌,2391.0,0.95,0.33,0.49,0.82,0.91,1.02,7.92
60,여성,1주일간 걷기 일수,2991.0,5.12,2.58,1.0,3.0,6.0,8.0,8.0
60,여성,1차 수축기 혈압,3118.0,126.63,17.12,83.0,114.0,125.0,137.0,212.0
60,여성,1차 이완기 혈압,3119.0,76.26,9.37,44.0,70.0,76.0,82.0,116.0
60,여성,2차 수축기 혈압,3117.0,125.34,17.04,80.0,114.0,124.0,136.0,212.0
60,여성,2차 이완기 혈압,3119.0,75.48,9.08,44.0,70.0,75.0,82.0,115.0
60,여성,3차 수축기 혈압,3105.0,124.33,16.61,82.0,112.0,123.0,134.0,196.0
60,여성,3차 이완기 혈압,3122.0,75.14,9.16,42.0,69.0,74.0,82.0,114.0
60,여성,60초 맥박수,322.0,56.23,11.82,25.0,52.0,56.0,57.0,111.0
60,여성,ALT(SGPT),3065.0,22.11,14.08,5.0,15.0,19.0,25.0,280.0
60,여성,AST(SGOT),3066.0,25.44,13.0,9.0,20.0,23.0,27.0,404.0
60,여성,n-3계 지방산 섭취량(g),2843.0,1.81,1.87,0.0,0.69,1.24,2.2,17.94
60,여성,n-6계 지방산 섭취량(g),2843.0,7.49,5.82,0.03,3.75,6.26,9.69,120.98
60,여성,걷기 지속 시간(분),2988.0,29.26,29.64,0.0,0.0,30.0,40.0,88.0
60,여성,걷기 지속 시간(시간),2988.0,14.79,32.12,0.0,0.0,1.0,2.0,88.0
60,여성,고혈압 진단시기,1238.0,54.36,7.34,22.0,50.0,55.0,59.0,69.0
60,여성,공복시간,3076.0,13.46,2.48,0.0,12.0,14.0,15.0,24.0
60,여성,공복혈당,2951.0,104.64,22.34,61.0,92.0,98.0,109.0,304.0
60,여성,나이아신 섭취량(mg),2843.0,9.97,5.65,0.47,6.29,8.86,12.23,91.97
60,여성,나트륨 섭취량(mg),2843.0,2655.53,1534.14,1.09,1612.07,2313.03,3354.29,13198.74
60,여성,다가불포화지방산 섭취량(g),2843.0,9.32,7.0,0.04,4.74,7.84,12.09,138.91
60,여성,단백질 섭취량(g),2843.0,56.26,26.33,2.76,38.06,51.81,69.62,332.19
60,여성,단일불포화지방산 섭취량(g),2843.0,10.36,8.52,0.02,4.66,8.29,13.12,67.93
60,여성,당 섭취량(g),2843.0,54.28,37.0,0.04,27.89,46.1,70.75,305.01
60,여성,당화혈색소,3062.0,6.0,0.81,3.1,5.6,5.8,6.2,12.7
60,여성,레티놀 섭취량(μg),2843.0,114.68,218.06,0.0,18.82,69.15,145.86,6540.49
60,여성,리보플라빈 섭취량(mg),2843.0,1.29,0.67,0.06,0.81,1.19,1.66,5.28
60,여성,마그네슘 섭취량(mg),2843.0,298.58,133.11,12.09,207.04,279.32,370.19,1267.71
60,여성,만나이,3222.0,64.27,2.84,60.0,62.0,64.0,67.0,69.0
60,여성,모유수유 자녀수,2926.0,12.12,27.39,1.0,2.0,2.0,3.0,88.0
60,여성,모유수유기간(연),2908.0,12.13,27.53,0.0,1.0,2.0,4.0,88.0
60,여성,모유수유기간(월 환산),3151.0,1744.79,3622.14,1.0,18.0,24.0,60.0,9999.0
60,여성,모유수유기간(월),2908.0,12.1,27.64,0.0,0.0,0.0,6.0,88.0
60,여성,물 섭취량(컵),2843.0,5.01,2.63,0.0,3.0,5.0,6.0,25.0
60,여성,베타카로틴 섭취량(μg),2843.0,3160.12,3252.12,0.0,1149.26,2203.25,3975.94,45386.29
60,여성,비타민A(레티놀 활성 당량) 섭취량(μgRAE),2843.0,378.74,364.97,0.0,169.23,291.36,475.83,7516.35
60,여성,비타민C 섭취량(mg),2843.0,68.59,72.71,0.0,24.9,48.05,86.63,1121.79
60,여성,비타민D 섭취량(μg),2843.0,2.69,5.0,0.0,0.42,1.39,3.25,111.83
60,여성,비타민E 섭취량(mg α-TE),2843.0,5.93,3.53,0.05,3.65,5.21,7.37,58.15
60,여성,수분 섭취량(g),2843.0,909.51,507.21,6.94,551.25,815.23,1165.67,4183.39
60,여성,식이섬유 섭취량(g),2843.0,27.16,13.84,0.99,17.42,24.93,34.22,120.18
60,여성,신장,3129.0,155.29,5.33,125.3,151.6,155.4,158.9,175.0
60,여성,아연 섭취량(mg),2843.0,9.0,4.33,0.32,6.3,8.29,11.0,72.05
60,여성,엽산 섭취량(μgDFE),2843.0,326.44,166.93,2.72,208.8,297.33,415.77,1725.63
60,여성,요나트륨,3062.0,111.19,46.18,10.0,75.0,109.0,143.0,258.0
60,여성,요비중,3092.0,1.02,0.01,1.0,1.01,1.02,1.02,1.05
60,여성,요산,3066.0,4.46,1.03,0.5,3.7,4.4,5.1,9.3
60,여성,요칼륨,2799.0,45.58,22.96,4.0,27.0,41.0,62.0,100.0
60,여성,월평균 가구총소득,3205.0,348.36,290.69,16.67,144.17,266.0,462.33,1500.0
60,여성,이상지질혈증 진단시기,1421.0,58.09,5.63,35.0,55.0,59.0,62.0,69.0
60,여성,이유보충식 시작시기(개월),0.0,,,,,,,
60,여성,인 섭취량(mg),2843.0,937.45,405.45,36.69,656.07,879.49,1153.15,4096.22
60,여성,일반우유(생우유) 시작시기(개월),0.0,,,,,,,
60,여성,중성지방,3045.0,124.81,72.18,23.0,78.0,109.0,153.0,1233.0
60,여성,지방 섭취량(g),2843.0,33.08,23.03,0.13,17.5,28.38,42.78,269.71
60,여성,철 섭취량(mg),2843.0,9.17,5.39,0.36,5.57,8.16,11.5,63.59
60,여성,체중,3141.0,58.84,8.76,33.2,52.9,58.1,63.7,111.1
60,여성,체질량지수,3129.0,24.39,3.39,14.16,22.04,24.05,26.33,39.69
60,여성,총콜레스테롤,3066.0,193.97,41.18,66.0,164.0,192.0,221.0,374.0
60,여성,"최종 수축기 혈압(2,3차 평균)",3113.0,124.82,16.62,83.0,113.0,123.0,135.0,204.0
60,여성,"최종 이완기 혈압(2,3차 평균)",3117.0,75.28,8.92,44.0,69.0,75.0,81.0,113.0
60,여성,칼륨 섭취량(mg),2843.0,2688.09,1276.17,122.84,1808.11,2455.74,3350.57,10463.68
60,여성,칼슘 섭취량(mg),2843.0,485.55,292.68,14.9,277.26,424.55,622.06,2660.17
60,여성,콜레스테롤 섭취량(mg),2843.0,186.57,163.63,0.0,57.78,150.18,271.19,1324.56
60,여성,탄수화물 섭취량(g),2843.0,250.85,98.03,30.91,185.02,236.11,303.23,985.35
60,여성,티아민 섭취량(mg),2843.0,0.98,0.6,0.05,0.62,0.87,1.22,15.53
60,여성,평소 하루 앉아서 보내는 시간(분),2961.0,2.95,9.01,0.0,0.0,0.0,0.0,50.0
60,여성,평소 하루 앉아서 보내는 시간(시간),2961.0,7.86,3.45,1.0,5.0,8.0,10.0,20.0
60,여성,포화지방산 섭취량(g),2843.0,9.83,7.45,0.05,4.69,8.02,12.86,62.45
60,여성,허리둘레,3114.0,84.0,9.01,57.9,77.7,83.7,89.3,127.3
60,여성,헤마토크리트,3063.0,40.17,3.01,21.3,38.3,40.2,42.1,51.5
60,여성,헤모글로빈,3063.0,13.21,1.04,5.7,12.6,13.2,13.9,16.9
60,여성,혈중요소질소,3067.0,16.27,4.7,5.0,13.0,16.0,19.0,85.0
60,여성,혈중크레아티닌,3067.0,0.69,0.23,0.33,0.61,0.67,0.74,7.96
70,남성,1주일간 걷기 일수,1681.0,5.07,2.77,1.0,2.0,6.0,8.0,8.0
70,남성,1차 수축기 혈압,1825.0,129.68,17.43,84.0,118.0,128.0,140.0,230.0
70,남성,1차 이완기 혈압,1826.0,73.2,9.78,0.0,66.0,73.0,79.0,114.0
70,남성,2차 수축기 혈압,1824.0,128.0,17.07,80.0,116.0,127.0,138.0,230.0
70,남성,2차 이완기 혈압,1823.0,72.26,9.37,30.0,66.0,72.0,78.0,111.0
70,남성,3차 수축기 혈압,1823.0,127.16,16.72,86.0,116.0,126.0,137.0,230.0
70,남성,3차 이완기 혈압,1823.0,71.95,9.23,40.0,66.0,72.0,78.0,109.0
70,남성,60초 맥박수,363.0,57.96,12.97,26.0,52.0,55.0,58.0,128.0
70,남성,ALT(SGPT),1771.0,21.92,13.31,5.0,15.0,19.0,25.0,224.0
70,남성,AST(SGOT),1771.0,26.02,12.53,10.0,20.0,23.0,28.0,221.0
70,남성,n-3계 지방산 섭취량(g),1656.0,1.95,2.09,0.02,0.76,1.37,2.4,26.21
70,남성,n-6계 지방산 섭취량(g),1656.0,7.91,5.59,0.53,4.07,6.54,10.29,60.48
70,남성,걷기 지속 시간(분),1678.0,31.67,31.95,0.0,0.0,30.0,40.0,88.0
70,남성,걷기 지속 시간(시간),1678.0,18.71,35.21,0.0,0.0,1.0,3.0,88.0
70,남성,고혈압 진단시기,1044.0,60.12,10.09,17.0,54.0,62.0,68.0,79.0
70,남성,공복시간,1772.0,13.4,2.41,0.0,12.0,14.0,15.0,21.0
70,남성,공복혈당,1718.0,110.63,27.48,53.0,95.0,103.0,117.0,421.0
70,남성,나이아신 섭취량(mg),1656.0,11.39,6.02,1.47,7.31,10.01,13.99,58.37
70,남성,나트륨 섭취량(mg),1656.0,3366.98,1963.4,117.83,2039.46,2951.33,4271.99,21087.51
70,남성,다가불포화지방산 섭취량(g),1656.0,9.88,6.83,0.73,5.18,8.27,12.87,68.66
70,남성,단백질 섭취량(g),1656.0,65.08,30.11,9.46,45.16,58.81,79.44,282.87
70,남성,단일불포화지방산 섭취량(g),1656.0,10.49,8.76,0.41,4.53,8.48,13.63,141.13
70,남성,당 섭취량(g),1656.0,51.75,34.64,0.37,27.24,44.61,66.77,314.21
70,남성,당화혈색소,1770.0,6.09,0.89,3.3,5.6,5.9,6.3,13.8
70,남성,레티놀 섭취량(μg),1656.0,97.06,203.62,0.0,9.02,51.96,125.35,4406.25
70,남성,리보플라빈 섭취량(mg),1656.0,1.37,0.75,0.06,0.84,1.24,1.73,8.27
70,남성,마그네슘 섭취량(mg),1656.0,344.23,151.18,43.1,239.23,319.75,418.86,1435.65
70,남성,만나이,1875.0,74.15,2.86,70.0,72.0,74.0,77.0,79.0
70,남성,모유수유 자녀수,0.0,,,,,,,
70,남성,모유수유기간(연),0.0,,,,,,,
70,남성,모유수유기간(월 환산),0.0,,,,,,,
70,남성,모유수유기간(월),0.0,,,,,,,
70,남성,물 섭취량(컵),1656.0,5.03,2.84,0.0,3.0,5.0,6.0,30.0
70,남성,베타카로틴 섭취량(μg),1656.0,3231.38,3725.4,0.0,1172.9,2202.19,3873.7,55176.69
70,남성,비타민A(레티놀 활성 당량) 섭취량(μgRAE),1656.0,367.17,383.05,0.01,160.6,266.11,440.31,5077.99
70,남성,비타민C 섭취량(mg),1656.0,62.57,72.84,0.0,22.99,43.97,75.69,1072.71
70,남성,비타민D 섭취량(μg),1656.0,3.26,6.24,0.0,0.41,1.57,3.87,108.89
70,남성,비타민E 섭취량(mg α-TE),1656.0,6.37,3.72,0.54,4.03,5.74,7.83,60.46
70,남성,수분 섭취량(g),1656.0,927.88,535.53,18.67,558.61,809.45,1183.6,4357.82
70,남성,식이섬유 섭취량(g),1656.0,30.19,15.57,2.61,19.87,27.59,37.14,228.04
70,남성,신장,1806.0,165.85,5.71,139.2,162.2,165.7,169.8,188.3
70,남성,아연 섭취량(mg),1656.0,10.7,5.03,1.62,7.63,9.76,12.84,74.82
70,남성,엽산 섭취량(μgDFE),1656.0,363.55,192.69,22.43,239.64,332.95,443.0,2737.69
70,남성,요나트륨,1778.0,122.9,45.79,10.0,89.0,121.0,154.0,270.0
70,남성,요비중,1794.0,1.02,0.01,1.0,1.01,1.02,1.02,1.04
70,남성,요산,1770.0,5.56,1.39,0.6,4.6,5.5,6.4,11.1
70,남성,요칼륨,1669.0,47.11,21.53,3.0,30.0,44.0,62.0,100.0
70,남성,월평균 가구총소득,1867.0,242.74,232.14,16.67,96.0,170.83,300.42,1500.0
70,남성,이상지질혈증 진단시기,582.0,64.78,7.93,24.0,60.25,66.0,70.0,79.0
70,남성,이유보충식 시작시기(개월),0.0,,,,,,,
70,남성,인 섭취량(mg),1656.0,1063.54,443.15,141.22,747.64,987.39,1294.56,3653.71
70,남성,일반우유(생우유) 시작시기(개월),0.0,,,,,,,
70,남성,중성지방,1754.0,124.24,71.28,27.0,77.0,108.0,150.0,629.0
70,남성,지방 섭취량(g),1656.0,34.27,23.23,1.91,18.14,29.46,44.66,325.63
70,남성,철 섭취량(mg),1656.0,10.51,8.37,0.37,6.37,9.09,12.86,228.55
70,남성,체중,1831.0,65.75,9.4,31.8,59.7,65.4,71.7,105.4
70,남성,체질량지수,1806.0,23.85,2.98,11.44,21.89,23.89,25.67,36.49
70,남성,총콜레스테롤,1768.0,170.34,37.58,78.0,143.0,168.0,196.0,326.0
70,남성,"최종 수축기 혈압(2,3차 평균)",1820.0,127.64,16.64,86.0,116.0,126.5,137.0,230.0
70,남성,"최종 이완기 혈압(2,3차 평균)",1825.0,72.14,9.11,35.0,66.0,72.0,77.5,109.5
70,남성,칼륨 섭취량(mg),1656.0,2907.13,1384.46,131.94,1941.56,2673.83,3556.31,11768.88
70,남성,칼슘 섭취량(mg),1656.0,523.24,325.37,11.52,308.84,460.26,645.77,4775.28
70,남성,콜레스테롤 섭취량(mg),1656.0,190.78,176.74,0.0,57.01,144.22,269.94,1329.94
70,남성,탄수화물 섭취량(g),1656.0,296.52,100.98,78.79,228.21,284.12,351.49,866.57
70,남성,티아민 섭취량(mg),1656.0,1.12,0.58,0.14,0.73,1.01,1.38,5.73
70,남성,평소 하루 앉아서 보내는 시간(분),1650.0,2.34,8.1,0.0,0.0,0.0,0.0,50.0
70,남성,평소 하루 앉아서 보내는 시간(시간),1650.0,8.46,3.64,1.0,6.0,8.0,11.0,20.0
70,남성,포화지방산 섭취량(g),1656.0,10.08,7.47,0.51,5.04,8.33,13.21,111.13
70,남성,허리둘레,1815.0,88.94,8.95,54.3,83.2,88.9,94.5,117.7
70,남성,헤마토크리트,1770.0,42.85,3.93,22.8,40.4,43.2,45.4,57.1
70,남성,헤모글로빈,1770.0,14.26,1.39,6.4,13.4,14.4,15.2,19.7
70,남성,혈중요소질소,1771.0,18.07,5.63,4.0,14.0,17.0,21.0,62.0
70,남성,혈중크레아티닌,1771.0,0.98,0.29,0.52,0.84,0.93,1.06,6.32
70,여성,1주일간 걷기 일수,2068.0,4.65,2.76,1.0,2.0,4.0,8.0,8.0
70,여성,1차 수축기 혈압,2289.0,132.52,16.88,88.0,121.0,132.0,142.0,210.0
70,여성,1차 이완기 혈압,2289.0,73.74,9.71,36.0,68.0,74.0,80.0,111.0
70,여성,2차 수축기 혈압,2289.0,130.99,16.89,84.0,120.0,130.0,142.0,206.0
70,여성,2차 이완기 혈압,2290.0,72.88,9.43,36.0,66.0,72.0,79.0,124.0
70,여성,3차 수축기 혈압,2288.0,129.81,16.8,88.0,118.0,129.0,140.0,204.0
70,여성,3차 이완기 혈압,2292.0,72.3,9.39,38.0,66.0,72.0,78.0,108.0
70,여성,60초 맥박수,265.0,59.3,14.3,26.0,53.0,56.0,58.0,132.0
70,여성,ALT(SGPT),2223.0,20.18,12.3,5.0,14.0,17.0,23.0,220.0
70,여성,AST(SGOT),2225.0,25.43,9.93,9.0,20.0,23.0,28.0,151.0
70,여성,n-3계 지방산 섭취량(g),2113.0,1.44,1.57,0.01,0.5,0.98,1.79,15.31
70,여성,n-6계 지방산 섭취량(g),2113.0,5.86,4.35,0.16,2.7,4.81,7.83,35.91
70,여성,걷기 지속 시간(분),2060.0,35.67,32.56,0.0,0.0,30.0,50.0,88.0
70,여성,걷기 지속 시간(시간),2060.0,21.69,37.41,0.0,0.0,1.0,3.0,88.0
70,여성,고혈압 진단시기,1429.0,61.0,9.36,25.0,55.0,63.0,68.0,79.0
70,여성,공복시간,2225.0,13.59,2.9,0.0,13.0,14.0,15.0,39.0
70,여성,공복혈당,2147.0,107.4,25.01,50.0,93.0,101.0,113.0,346.0
70,여성,나이아신 섭취량(mg),2113.0,8.21,4.52,0.25,5.19,7.31,10.22,43.06
70,여성,나트륨 섭취량(mg),2113.0,2437.86,1597.92,51.07,1368.07,2107.4,3065.9,13549.54
70,여성,다가불포화지방산 섭취량(g),2113.0,7.32,5.31,0.17,3.39,6.11,9.88,39.13
70,여성,단백질 섭취량(g),2113.0,47.59,23.04,1.46,31.17,44.08,59.97,233.35
70,여성,단일불포화지방산 섭취량(g),2113.0,7.54,6.49,0.05,3.02,5.91,10.1,79.68
70,여성,당 섭취량(g),2113.0,44.87,32.01,0.1,22.06,36.92,59.97,245.18
70,여성,당화혈색소,2220.0,6.13,0.87,4.0,5.6,5.9,6.4,14.7
70,여성,레티놀 섭취량(μg),2113.0,80.21,132.35,0.0,3.74,36.96,112.8,1747.34
70,여성,리보플라빈 섭취량(mg),2113.0,1.03,0.59,0.04,0.59,0.93,1.34,5.07
70,여성,마그네슘 섭취량(mg),2113.0,264.55,125.68,8.23,175.53,244.62,328.95,1029.95
70,여성,만나이,2354.0,74.13,2.84,70.0,72.0,74.0,77.0,79.0
70,여성,모유수유 자녀수,2031.0,8.69,20.95,1.0,2.0,3.0,4.0,88.0
70,여성,모유수유기간(연),1955.0,9.89,21.22,0.0,2.0,4.0,6.0,88.0
70,여성,모유수유기간(월 환산),2309.0,2082.2,3939.36,1.0,36.0,48.0,120.0,9999.0
70,여성,모유수유기간(월),1955.0,7.09,21.92,0.0,0.0,0.0,2.0,88.0
70,여성,물 섭취량(컵),2113.0,4.63,2.38,0.5,3.0,4.0,5.4,20.0
70,여성,베타카로틴 섭취량(μg),2113.0,2635.61,3084.27,0.0,891.21,1722.09,3172.51,33670.31
70,여성,비타민A(레티놀 활성 당량) 섭취량(μgRAE),2113.0,300.38,295.09,0.4,115.99,222.36,374.12,3013.02
70,여성,비타민C 섭취량(mg),2113.0,57.87,71.1,0.26,19.84,38.7,71.33,1491.63
70,여성,비타민D 섭취량(μg),2113.0,2.05,3.63,0.0,0.17,0.95,2.63,67.29
70,여성,비타민E 섭취량(mg α-TE),2113.0,4.85,2.86,0.23,2.83,4.23,6.22,26.98
70,여성,수분 섭취량(g),2113.0,741.28,444.5,16.85,424.8,663.05,946.79,3720.43
70,여성,식이섬유 섭취량(g),2113.0,24.39,12.99,1.6,15.0,22.33,31.06,114.26
70,여성,신장,2241.0,152.63,5.22,134.2,149.0,152.6,156.2,175.0
70,여성,아연 섭취량(mg),2113.0,8.01,3.73,0.14,5.54,7.42,9.79,58.67
70,여성,엽산 섭취량(μgDFE),2113.0,283.47,154.91,10.88,173.98,257.41,362.93,1157.96
70,여성,요나트륨,2210.0,112.67,43.95,10.0,80.0,110.5,143.0,280.0
70,여성,요비중,2235.0,1.02,0.01,1.0,1.01,1.01,1.02,1.05
70,여성,요산,2224.0,4.55,1.22,1.6,3.7,4.4,5.2,11.7
70,여성,요칼륨,2058.0,45.65,22.49,5.0,27.0,42.0,62.0,100.0
70,여성,월평균 가구총소득,2341.0,194.78,214.5,16.67,67.83,117.33,234.0,1500.0
70,여성,이상지질혈증 진단시기,1110.0,65.75,7.07,35.0,63.0,67.0,71.0,79.0
70,여성,이유보충식 시작시기(개월),0.0,,,,,,,
70,여성,인 섭취량(mg),2113.0,802.04,362.03,23.86,542.67,757.23,1008.31,2644.52
70,여성,일반우유(생우유) 시작시기(개월),0.0,,,,,,,
70,여성,중성지방,2201.0,124.43,77.11,22.0,81.0,110.0,151.0,2115.0
70,여성,지방 섭취량(g),2113.0,25.13,17.84,0.69,12.25,20.99,33.48,209.65
70,여성,철 섭취량(mg),2113.0,7.74,4.85,0.23,4.45,6.77,9.74,41.56
70,여성,체중,2303.0,57.12,8.54,33.2,51.4,56.5,62.15,102.8
70,여성,체질량지수,2240.0,24.48,3.24,14.26,22.26,24.31,26.48,40.06
70,여성,총콜레스테롤,2225.0,181.3,39.73,73.0,152.0,178.0,206.0,343.0
70,여성,"최종 수축기 혈압(2,3차 평균)",2282.0,130.49,16.58,87.5,119.0,129.5,141.0,205.0
70,여성,"최종 이완기 혈압(2,3차 평균)",2290.0,72.58,9.19,37.0,66.0,72.0,79.0,112.0
70,여성,칼륨 섭취량(mg),2113.0,2313.31,1199.07,74.81,1448.08,2122.28,2942.2,9906.24
70,여성,칼슘 섭취량(mg),2113.0,407.68,256.47,11.24,225.65,355.03,527.49,2532.42
70,여성,콜레스테롤 섭취량(mg),2113.0,133.67,143.62,0.0,26.56,82.55,195.69,1189.67
70,여성,탄수화물 섭취량(g),2113.0,238.95,94.85,13.03,173.38,226.54,286.61,758.54
70,여성,티아민 섭취량(mg),2113.0,0.86,0.48,0.04,0.54,0.78,1.06,4.02
70,여성,평소 하루 앉아서 보내는 시간(분),1960.0,2.9,9.07,0.0,0.0,0.0,0.0,50.0
70,여성,평소 하루 앉아서 보내는 시간(시간),1960.0,9.09,3.72,1.0,6.0,9.0,12.0,21.0
70,여성,포화지방산 섭취량(g),2113.0,7.47,5.87,0.14,3.27,6.13,9.88,69.41
70,여성,허리둘레,2285.0,85.86,9.11,57.0,79.7,85.9,91.6,126.6
70,여성,헤마토크리트,2220.0,39.22,3.38,23.1,37.2,39.3,41.5,50.1
70,여성,헤모글로빈,2220.0,12.87,1.16,7.0,12.2,12.9,13.6,16.4
70,여성,혈중요소질소,2225.0,17.67,5.63,5.0,14.0,17.0,20.0,65.0
70,여성,혈중크레아티닌,2225.0,0.74,0.2,0.37,0.63,0.7,0.8,2.97
80,남성,1주일간 걷기 일수,538.0,4.75,2.95,1.0,1.0,5.0,8.0,8.0
80,남성,1차 수축기 혈압,663.0,130.63,18.79,68.0,118.0,130.0,142.0,205.0
80,남성,1차 이완기 혈압,664.0,70.09,10.51,34.0,63.0,70.0,76.0,124.0
80,남성,2차 수축기 혈압,663.0,128.94,17.64,68.0,116.0,128.0,140.0,198.0
80,남성,2차 이완기 혈압,664.0,69.52,10.0,40.0,63.0,69.0,76.0,103.0
80,남성,3차 수축기 혈압,663.0,127.77,17.86,80.0,116.0,127.0,140.0,195.0
80,남성,3차 이완기 혈압,664.0,68.72,10.1,40.0,62.0,68.0,76.0,102.0
80,남성,60초 맥박수,153.0,59.74,14.83,28.0,52.0,56.0,63.0,118.0
80,남성,ALT(SGPT),613.0,19.76,12.87,5.0,13.0,17.0,22.0,154.0
80,남성,AST(SGOT),612.0,25.76,12.39,9.0,20.0,23.0,28.0,176.0
80,남성,n-3계 지방산 섭취량(g),620.0,1.53,2.01,0.04,0.53,1.04,1.93,30.78
80,남성,n-6계 지방산 섭취량(g),620.0,6.64,5.09,0.35,3.3,5.3,8.57,44.88
80,남성,걷기 지속 시간(분),538.0,38.45,34.61,0.0,0.0,30.0,88.0,88.0
80,남성,걷기 지속 시간(시간),538.0,26.17,39.73,0.0,0.0,1.0,88.0,88.0
80,남성,고혈압 진단시기,364.0,66.25,11.65,30.0,58.0,69.0,76.0,80.0
80,남성,공복시간,613.0,13.22,3.44,0.0,13.0,14.0,15.0,25.0
80,남성,공복혈당,589.0,106.05,22.72,56.0,92.0,100.0,112.0,264.0
80,남성,나이아신 섭취량(mg),620.0,9.53,4.87,1.16,6.17,8.72,11.81,39.4
80,남성,나트륨 섭취량(mg),620.0,2874.6,1826.74,193.2,1532.25,2471.7,3701.63,11962.03
80,남성,다가불포화지방산 섭취량(g),620.0,8.19,6.24,0.5,3.99,6.55,10.79,54.9
80,남성,단백질 섭취량(g),620.0,54.03,23.74,9.72,36.63,50.11,67.21,149.88
80,남성,단일불포화지방산 섭취량(g),620.0,8.5,7.13,0.22,3.52,6.75,11.5,52.01
80,남성,당 섭취량(g),620.0,44.85,31.41,1.29,22.84,37.82,59.43,218.63
80,남성,당화혈색소,610.0,5.94,0.7,4.1,5.5,5.8,6.2,9.9
80,남성,레티놀 섭취량(μg),620.0,83.65,168.48,0.0,4.23,29.53,101.94,1920.98
80,남성,리보플라빈 섭취량(mg),620.0,1.11,0.67,0.08,0.63,0.98,1.44,4.6
80,남성,마그네슘 섭취량(mg),620.0,292.57,130.95,51.58,200.56,266.05,360.87,839.44
80,남성,만나이,684.0,80.0,0.0,80.0,80.0,80.0,80.0,80.0
80,남성,모유수유 자녀수,0.0,,,,,,,
80,남성,모유수유기간(연),0.0,,,,,,,
80,남성,모유수유기간(월 환산),0.0,,,,,,,
80,남성,모유수유기간(월),0.0,,,,,,,
80,남성,물 섭취량(컵),620.0,4.15,2.45,0.0,2.5,3.5,5.0,20.0
80,남성,베타카로틴 섭취량(μg),620.0,2550.27,3066.56,0.0,867.49,1645.71,3068.39,29987.39
80,남성,비타민A(레티놀 활성 당량) 섭취량(μgRAE),620.0,296.69,318.52,1.35,114.37,201.93,365.96,2927.71
80,남성,비타민C 섭취량(mg),620.0,51.13,54.88,0.0,17.51,32.97,64.73,553.98
80,남성,비타민D 섭취량(μg),620.0,2.29,3.82,0.0,0.18,1.02,2.99,51.69
80,남성,비타민E 섭취량(mg α-TE),620.0,5.18,2.93,0.4,3.09,4.62,6.56,20.32
80,남성,수분 섭취량(g),620.0,763.04,477.11,65.81,434.11,671.92,975.94,3260.77
80,남성,식이섬유 섭취량(g),620.0,24.97,12.49,2.59,16.58,22.72,31.69,84.29
80,남성,신장,633.0,163.83,5.69,146.3,160.2,163.5,167.5,185.0
80,남성,아연 섭취량(mg),620.0,9.32,3.85,1.9,6.51,8.77,11.49,28.93
80,남성,엽산 섭취량(μgDFE),620.0,302.96,161.11,36.42,199.79,276.22,372.25,1482.59
80,남성,요나트륨,628.0,123.42,46.69,10.0,89.0,122.0,158.0,250.0
80,남성,요비중,637.0,1.02,0.01,1.0,1.01,1.02,1.02,1.04
80,남성,요산,609.0,5.62,1.44,1.9,4.7,5.5,6.5,10.5
80,남성,요칼륨,606.0,46.48,20.81,5.0,31.0,45.0,60.75,97.0
80,남성,월평균 가구총소득,680.0,180.32,201.2,16.67,67.06,110.88,200.21,1500.0
80,남성,이상지질혈증 진단시기,117.0,69.36,10.59,25.0,63.0,73.0,78.0,80.0
80,남성,이유보충식 시작시기(개월),0.0,,,,,,,
80,남성,인 섭취량(mg),620.0,894.46,377.23,146.25,621.37,839.62,1105.37,2358.73
80,남성,일반우유(생우유) 시작시기(개월),0.0,,,,,,,
80,남성,중성지방,606.0,118.65,74.62,28.0,73.0,102.0,139.75,878.0
80,남성,지방 섭취량(g),620.0,28.44,19.92,1.01,14.04,24.1,37.17,133.86
80,남성,철 섭취량(mg),620.0,8.45,5.84,1.21,4.87,7.14,10.64,81.15
80,남성,체중,669.0,62.27,9.04,36.7,55.8,61.8,68.0,89.7
80,남성,체질량지수,633.0,23.14,2.91,14.57,21.19,23.13,25.08,34.81
80,남성,총콜레스테롤,613.0,170.36,38.33,82.0,144.0,168.0,195.0,327.0
80,남성,"최종 수축기 혈압(2,3차 평균)",661.0,128.44,17.45,80.0,116.0,128.0,139.0,194.5
80,남성,"최종 이완기 혈압(2,3차 평균)",664.0,69.12,9.83,40.0,62.5,69.0,75.62,102.0
80,남성,칼륨 섭취량(mg),620.0,2402.77,1176.65,297.26,1572.85,2183.12,3074.16,9763.63
80,남성,칼슘 섭취량(mg),620.0,426.87,268.07,28.37,237.71,364.87,565.66,1629.57
80,남성,콜레스테롤 섭취량(mg),620.0,142.91,148.47,0.0,32.67,90.76,207.55,957.66
80,남성,탄수화물 섭취량(g),620.0,271.74,91.97,64.75,208.67,264.21,330.13,620.65
80,남성,티아민 섭취량(mg),620.0,0.97,0.53,0.15,0.6,0.87,1.22,4.69
80,남성,평소 하루 앉아서 보내는 시간(분),508.0,1.93,7.26,0.0,0.0,0.0,0.0,30.0
80,남성,평소 하루 앉아서 보내는 시간(시간),508.0,9.23,3.47,1.0,7.0,9.0,12.0,20.0
80,남성,포화지방산 섭취량(g),620.0,8.61,6.77,0.23,4.0,6.92,11.0,49.75
80,남성,허리둘레,662.0,87.79,9.46,59.5,81.7,88.2,94.28,115.5
80,남성,헤마토크리트,610.0,41.13,4.26,26.9,38.4,41.4,43.98,53.5
80,남성,헤모글로빈,610.0,13.62,1.49,8.8,12.7,13.7,14.7,18.2
80,남성,혈중요소질소,613.0,19.39,6.92,5.0,15.0,18.0,23.0,92.0
80,남성,혈중크레아티닌,613.0,1.04,0.3,0.59,0.85,0.97,1.15,3.67
80,여성,1주일간 걷기 일수,764.0,3.34,2.79,1.0,1.0,2.0,6.0,8.0
80,여성,1차 수축기 혈압,995.0,135.47,18.82,94.0,122.0,134.0,146.0,226.0
80,여성,1차 이완기 혈압,995.0,71.39,10.39,42.0,64.0,72.0,78.0,120.0
80,여성,2차 수축기 혈압,994.0,134.29,18.99,86.0,121.0,132.0,146.0,222.0
80,여성,2차 이완기 혈압,995.0,70.35,9.91,42.0,64.0,70.0,76.0,128.0
80,여성,3차 수축기 혈압,994.0,132.59,18.53,86.0,120.0,131.0,144.0,208.0
80,여성,3차 이완기 혈압,993.0,69.51,9.81,38.0,63.0,70.0,76.0,110.0
80,여성,60초 맥박수,113.0,66.71,20.12,26.0,55.0,57.0,74.0,138.0
80,여성,ALT(SGPT),932.0,16.7,8.59,5.0,12.0,15.0,19.0,94.0
80,여성,AST(SGOT),933.0,24.37,8.47,8.0,20.0,23.0,27.0,116.0
80,여성,n-3계 지방산 섭취량(g),935.0,1.17,1.68,0.01,0.36,0.7,1.33,18.41
80,여성,n-6계 지방산 섭취량(g),935.0,4.73,4.12,0.25,2.13,3.59,6.15,58.48
80,여성,걷기 지속 시간(분),758.0,53.21,36.07,0.0,20.0,50.0,88.0,88.0
80,여성,걷기 지속 시간(시간),758.0,43.82,43.75,0.0,0.0,7.0,88.0,88.0
80,여성,고혈압 진단시기,676.0,65.74,11.44,25.0,58.0,67.0,75.0,80.0
80,여성,공복시간,934.0,13.12,3.89,0.0,13.0,14.0,15.0,24.0
80,여성,공복혈당,901.0,107.0,26.19,45.0,93.0,100.0,113.0,430.0
80,여성,나이아신 섭취량(mg),935.0,6.9,3.73,0.8,4.4,6.22,8.57,34.1
80,여성,나트륨 섭취량(mg),935.0,2151.93,1541.38,7.87,1169.95,1787.22,2687.84,15061.6
80,여성,다가불포화지방산 섭취량(g),935.0,5.9,5.19,0.26,2.66,4.41,7.47,70.3
80,여성,단백질 섭취량(g),935.0,39.87,20.5,4.79,25.98,35.83,49.52,140.74
80,여성,단일불포화지방산 섭취량(g),935.0,5.87,6.03,0.13,1.95,4.3,7.48,63.22
80,여성,당 섭취량(g),935.0,36.09,28.04,0.3,15.18,29.49,48.57,214.98
80,여성,당화혈색소,930.0,6.03,0.76,3.8,5.6,5.9,6.28,11.4
80,여성,레티놀 섭취량(μg),935.0,59.12,96.78,0.0,0.91,15.1,85.55,743.6
80,여성,리보플라빈 섭취량(mg),935.0,0.81,0.51,0.03,0.42,0.71,1.06,4.86
80,여성,마그네슘 섭취량(mg),935.0,225.16,108.84,30.1,146.14,206.95,279.26,895.11
80,여성,만나이,1041.0,80.0,0.0,80.0,80.0,80.0,80.0,80.0
80,여성,모유수유 자녀수,751.0,7.5,16.22,1.0,3.0,4.0,5.0,88.0
80,여성,모유수유기간(연),679.0,10.35,16.89,0.0,4.0,6.0,10.0,88.0
80,여성,모유수유기간(월 환산),1022.0,3661.07,4735.08,2.0,60.0,120.0,9999.0,9999.0
80,여성,모유수유기간(월),679.0,4.51,17.78,0.0,0.0,0.0,0.0,88.0
80,여성,물 섭취량(컵),935.0,3.96,2.34,0.2,2.5,3.5,5.0,20.0
80,여성,베타카로틴 섭취량(μg),935.0,2098.59,2583.39,1.12,629.94,1284.9,2656.77,26745.41
80,여성,비타민A(레티놀 활성 당량) 섭취량(μgRAE),935.0,234.2,245.3,0.09,81.94,166.34,304.33,2341.73
80,여성,비타민C 섭취량(mg),935.0,43.04,44.55,0.14,12.54,28.46,55.65,314.69
80,여성,비타민D 섭취량(μg),935.0,1.59,2.81,0.0,0.02,0.51,2.13,38.36
80,여성,비타민E 섭취량(mg α-TE),935.0,3.87,2.42,0.13,2.19,3.33,4.85,15.89
80,여성,수분 섭취량(g),935.0,582.29,381.86,17.8,316.68,503.64,754.83,2655.28
80,여성,식이섬유 섭취량(g),935.0,19.64,11.0,1.35,11.97,17.39,24.87,71.85
80,여성,신장,924.0,148.85,5.44,128.9,145.4,149.0,152.43,168.8
80,여성,아연 섭취량(mg),935.0,7.07,3.31,1.35,4.85,6.6,8.61,31.84
80,여성,엽산 섭취량(μgDFE),935.0,231.11,129.86,16.4,137.6,197.11,291.3,890.28
80,여성,요나트륨,929.0,109.54,43.5,10.0,77.0,106.0,138.0,250.0
80,여성,요비중,939.0,1.02,0.01,1.0,1.01,1.01,1.02,1.04
80,여성,요산,932.0,4.81,1.43,1.9,3.8,4.6,5.6,12.8
80,여성,요칼륨,891.0,43.64,21.06,4.0,27.0,40.0,58.0,100.0
80,여성,월평균 가구총소득,1016.0,169.66,225.82,16.67,48.33,76.71,188.42,1500.0
80,여성,이상지질혈증 진단시기,315.0,72.19,8.46,41.0,68.0,74.0,80.0,80.0
80,여성,이유보충식 시작시기(개월),0.0,,,,,,,
80,여성,인 섭취량(mg),935.0,669.0,316.12,88.91,447.11,616.12,821.41,2250.9
80,여성,일반우유(생우유) 시작시기(개월),0.0,,,,,,,
80,여성,중성지방,928.0,122.73,59.4,26.0,82.0,110.0,148.0,441.0
80,여성,지방 섭취량(g),935.0,20.21,16.93,0.61,8.81,16.16,25.43,183.8
80,여성,철 섭취량(mg),935.0,6.33,4.44,0.67,3.59,5.33,7.84,64.06
80,여성,체중,1020.0,52.51,8.94,31.3,46.28,52.15,58.12,95.4
80,여성,체질량지수,924.0,23.66,3.4,15.35,21.16,23.54,25.79,35.24
80,여성,총콜레스테롤,933.0,178.76,39.83,81.0,152.0,175.0,204.0,366.0
80,여성,"최종 수축기 혈압(2,3차 평균)",995.0,133.41,18.56,86.0,120.0,131.5,144.0,215.0
80,여성,"최종 이완기 혈압(2,3차 평균)",995.0,69.96,9.7,40.0,63.0,70.0,76.0,119.0
80,여성,칼륨 섭취량(mg),935.0,1875.94,1031.84,203.47,1187.54,1666.09,2331.64,7187.39
80,여성,칼슘 섭취량(mg),935.0,340.34,238.44,11.84,172.84,280.12,447.6,2075.45
80,여성,콜레스테롤 섭취량(mg),935.0,94.46,117.62,0.0,13.53,47.53,125.61,741.98
80,여성,탄수화물 섭취량(g),935.0,217.52,85.27,43.27,154.94,206.46,263.93,833.27
80,여성,티아민 섭취량(mg),935.0,0.74,0.4,0.06,0.46,0.65,0.92,3.91
80,여성,평소 하루 앉아서 보내는 시간(분),690.0,3.04,9.38,0.0,0.0,0.0,0.0,50.0
80,여성,평소 하루 앉아서 보내는 시간(시간),690.0,10.84,3.67,1.0,8.0,11.0,14.0,20.0
80,여성,포화지방산 섭취량(g),935.0,6.14,5.56,0.14,2.44,4.74,8.01,44.68
80,여성,허리둘레,1009.0,84.21,9.82,55.8,77.5,84.7,90.7,114.1
80,여성,헤마토크리트,931.0,38.04,3.94,23.0,35.7,38.2,40.6,56.9
80,여성,헤모글로빈,931.0,12.44,1.35,7.0,11.7,12.5,13.3,18.8
80,여성,혈중요소질소,933.0,18.65,6.51,6.0,14.0,18.0,21.0,73.0
80,여성,혈중크레아티닌,933.0,0.8,0.25,0.45,0.66,0.75,0.88,2.79
